batch_id,file_name,source_system,expected_count,received_count,accepted_count,new_encounter_count,new_version_count,duplicate_count,stale_count,stale_new_version_count,quarantined_count,history_rows_written,current_changed_count,reconciliation_status,status,reason,start_time,end_time
batch_001,encounters_athena_clinics.csv,ATHENA_CLINICS,1090,1090,1082,1082,0,8,0,0,0,1082,1082,RECONCILED,ACCEPTED,,2026-10-06T10:28:10.195Z,2026-10-06T10:28:10.393Z
batch_001,encounters_epic_north.csv,EPIC_NORTH,1432,1432,1415,1415,0,17,0,0,0,1415,1415,RECONCILED,ACCEPTED,,2026-10-06T10:28:10.195Z,2026-10-06T10:28:10.393Z
batch_001,encounters_legacy_meditech.csv,LEGACY_MEDITECH,341,341,336,336,0,5,0,0,0,336,336,RECONCILED,ACCEPTED,,2026-10-06T10:28:10.195Z,2026-10-06T10:28:10.393Z
batch_002,encounters_athena_clinics.csv,ATHENA_CLINICS,147,147,133,61,72,14,0,0,0,133,133,RECONCILED,ACCEPTED,,2026-10-06T10:28:11.472Z,2026-10-06T10:28:11.544Z
batch_002,encounters_epic_north.csv,EPIC_NORTH,174,174,154,69,85,20,0,0,0,154,154,RECONCILED,ACCEPTED,,2026-10-06T10:28:11.472Z,2026-10-06T10:28:11.544Z
batch_002,encounters_legacy_meditech.csv,LEGACY_MEDITECH,264,264,258,232,26,6,0,0,0,258,258,RECONCILED,ACCEPTED,,2026-10-06T10:28:11.472Z,2026-10-06T10:28:11.544Z
batch_003,encounters_athena_clinics.csv,ATHENA_CLINICS,74,74,65,25,40,0,9,0,0,65,65,RECONCILED,ACCEPTED,,2026-10-06T10:28:11.850Z,2026-10-06T10:28:11.917Z
batch_003,encounters_epic_north.csv,EPIC_NORTH,83,83,71,36,35,0,12,0,0,71,71,RECONCILED,ACCEPTED,,2026-10-06T10:28:11.850Z,2026-10-06T10:28:11.917Z
batch_003,encounters_legacy_meditech.csv,LEGACY_MEDITECH,31,31,27,18,9,0,4,0,0,27,27,RECONCILED,ACCEPTED,,2026-10-06T10:28:11.850Z,2026-10-06T10:28:11.917Z
batch_004,encounters_athena_clinics.csv,ATHENA_CLINICS,22,22,0,,,,,,,,,,REJECTED,SIBLING_FILE_REJECTED,2026-10-06T10:28:12.117Z,2026-10-06T10:28:12.174Z
batch_004,encounters_epic_north.csv,EPIC_NORTH,22,18,0,,,,,,,,,,REJECTED,"SHA256_MISMATCH; MALFORMED_RECORD(record=18,fields=3,expected=21); ROW_COUNT_MISMATCH(expected=22,received=18)",2026-10-06T10:28:12.117Z,2026-10-06T10:28:12.174Z
batch_004,encounters_legacy_meditech.csv,LEGACY_MEDITECH,22,22,0,,,,,,,,,,REJECTED,SIBLING_FILE_REJECTED,2026-10-06T10:28:12.117Z,2026-10-06T10:28:12.174Z
