provider_sk,npi,provider_last_name,provider_first_name,credential,specialty,primary_facility_id,employment_status,valid_from,valid_to,is_current,snapshot_as_of_date,source_file_name,source_row_number
087afedfebed3e3e2d6e309fbfa6020fca4813746a4bb6bced06f2c583c161cd,1778486484,Thomas,Emily,MD,Internal Medicine,FAC001,Employed,0001-01-01,9999-12-31,true,2024-01-01,roster_2024-01-01.csv,20
15cf00a76ba52cf30598b1cf8a6803aa2e82d5abea15787444a9a7a9ced6d5fb,1775003142,Hall,Laura,MD,Orthopedic Surgery,FAC008,Affiliated,0001-01-01,2024-07-01,false,2024-01-01,roster_2024-01-01.csv,25
19950b5637ae76000e35cb36b7b3e62136a5a1782b3f9d8c036d28509bfd2ab4,1939494823,Jackson,William,PA,Pulmonology,FAC002,Employed,0001-01-01,9999-12-31,true,2024-01-01,roster_2024-01-01.csv,11
1b24db3a83e164bcfe54e251a28118416feae78aa6acf49b05fb0fbfec169c69,1229836956,Nelson,Joshua,PA,Emergency Medicine,FAC002,Affiliated,0001-01-01,9999-12-31,true,2024-01-01,roster_2024-01-01.csv,46
1df781f149318f2347ba64d912ea59793a208613522a96831b39f67dce95c1ce,1860320807,Schultz,Rebecca,MD,Emergency Medicine,FAC001,Employed,2024-07-01,9999-12-31,true,2024-07-01,roster_2024-07-01.csv,7
20e22ad7505ae0722651e3de2eba422ff40c4c1202153baed7f09fe52b941a87,1472855687,Schmidt,Joseph,MD,Orthopedic Surgery,FAC008,Affiliated,2024-07-01,9999-12-31,true,2024-07-01,roster_2024-07-01.csv,17
20e76b9731078ce6c688255b5e921b11db2be061fa24665350f16398ee8ef93a,1930733682,Van Dyke,Linda,MD,Emergency Medicine,FAC004,Affiliated,2024-07-01,9999-12-31,true,2024-07-01,roster_2024-07-01.csv,51
255ee43bd7fb71ace2b643825f543ec376dc4359c4f6a2ad84053674eae60efc,1836016109,Martinez,Michelle,MD,Hospitalist,FAC002,Employed,0001-01-01,2024-07-01,false,2024-01-01,roster_2024-01-01.csv,4
25da16bbec10c645f094380099444061b89d6ca59e16af5daf3460159f8d56b4,1809320819,Nguyen,Chloe,PA,Emergency Medicine,FAC001,Employed,0001-01-01,2024-07-01,false,2024-01-01,roster_2024-01-01.csv,41
26f0ea8e0f12e99d2e27f06421fe33417d5ecff45b480b36fca301f98a48f442,1440029787,Young,Olivia,MD,Internal Medicine,FAC001,Affiliated,0001-01-01,2024-07-01,false,2024-01-01,roster_2024-01-01.csv,24
29a444e0ea08700c2b0f74080e6b348fc796b5263da3d34918d24369cc99dc20,1406925663,Mueller,Rebecca,MD,Hospitalist,FAC004,Affiliated,0001-01-01,9999-12-31,true,2024-01-01,roster_2024-01-01.csv,1
2bd2a09b2d07cb889e158c54ff8203a4ee28b2f8ed9738f00102e7dfc55e0846,1284352816,King,Sarah,DO,Family Medicine,FAC007,Affiliated,0001-01-01,9999-12-31,true,2024-01-01,roster_2024-01-01.csv,16
329f71851abf7712e5c779c03c8ad8796b3e9274a60dc14122d94861858ed192,1608565176,Van Dyke,Karen,NP,Family Medicine,FAC007,Employed,0001-01-01,9999-12-31,true,2024-01-01,roster_2024-01-01.csv,43
48e4dfd0189c59266cce8fbcf4d424c6b85ab365a0f24e23f46abffb60cc70db,1536455680,Kowalski,Noah,MD,Hospitalist,FAC001,Affiliated,0001-01-01,9999-12-31,true,2024-01-01,roster_2024-01-01.csv,29
4a6aeea8de36e2a8ce9b766ad731affb40cbdcfed588df551f7d003957c7ddad,1849518380,Wright,Mary,MD,Orthopedic Surgery,FAC008,Affiliated,0001-01-01,9999-12-31,true,2024-01-01,roster_2024-01-01.csv,30
50387bea07f321cca723cdcc80ad16f24233dc034fdc7ac3708240f3c59fc7e4,1642524775,Hall,Sarah,MD,Internal Medicine,FAC002,Employed,0001-01-01,9999-12-31,true,2024-01-01,roster_2024-01-01.csv,49
51d2a1f3425b03fd6b32ddc62bd8bdb0e88af38d432e2ea439d1ef6184cb6251,1836016109,Schmidt,Michelle,MD,Hospitalist,FAC002,Employed,2024-07-01,9999-12-31,true,2024-07-01,roster_2024-07-01.csv,23
61cde587890393f03986f97adaaae8eb4677efa62b9e5020c4dd152cbc243572,1028382228,Wilson,Chloe,NP,Emergency Medicine,FAC002,Employed,0001-01-01,9999-12-31,true,2024-01-01,roster_2024-01-01.csv,32
68f2e2e96883bd063711b06afad34dbd57af004194695818a3a5f5983e1ccee3,1410646008,Hernandez,Matthew,DO,Pediatrics,FAC003,Employed,2024-07-01,9999-12-31,true,2024-07-01,roster_2024-07-01.csv,5
728c2675b06f298876c5666db0f111d6d7e62105b8d91d249ce75cdcd3da7cf3,1129110288,Jensen,Susan,MD,Hospitalist,FAC004,Affiliated,0001-01-01,2024-07-01,false,2024-01-01,roster_2024-01-01.csv,44
77bd719204d06734818f7533908e9d91bbf2491359eb36fbbbbf13779b37dc3d,1984162291,Hansen,Brian,MD,Endocrinology,FAC001,Employed,0001-01-01,9999-12-31,true,2024-01-01,roster_2024-01-01.csv,47
77c1cd7d529c43cd0470f20f218b111cb556a6bb4213b4402ae5e8d7ac3cb81d,1701079810,Hall,Linda,MD,Pulmonology,FAC001,Employed,0001-01-01,9999-12-31,true,2024-01-01,roster_2024-01-01.csv,31
77dde2ccfe9c1cd7a50eed192e7e5d2ef97dc4078a8460f2437a18e826b5f0e8,1062048420,White,Paul,MD,Orthopedic Surgery,FAC008,Affiliated,0001-01-01,2025-01-01,false,2024-01-01,roster_2024-01-01.csv,36
79a97b03b4ea22113198761a8753ad342d3135ea6ad7975baf728333b48c86ef,1410646008,Hernandez,Matthew,DO,Pediatrics,FAC003,Affiliated,0001-01-01,2024-07-01,false,2024-01-01,roster_2024-01-01.csv,8
7be49413a707ef8f4f6b18e50217610c26474e489e7964eb28b3f0a4e1042167,1538453550,Martinez,Carlos,NP,Psychiatry,FAC005,Employed,2025-01-01,9999-12-31,true,2025-01-01,roster_2025-01-01.csv,22
7c00ba4868fe2fbb10626881edf389684d21a2b89139a6555a771fa0b408c8a8,1739241960,Thomas,William,MD,Orthopedic Surgery,FAC008,Employed,0001-01-01,2025-01-01,false,2024-01-01,roster_2024-01-01.csv,18
7ff87e83fa14130aa60161ade3c216f246b2f4d7f2031672249fa94c2c7d120a,1309765828,Rodriguez,Maria,NP,Family Medicine,FAC006,Employed,0001-01-01,9999-12-31,true,2024-01-01,roster_2024-01-01.csv,42
8690777259de13f4e34c296a8ba70b4f5eea101f8ad11be5ece3472c81e83939,1906688282,Hansen,Ethan,DO,Psychiatry,FAC005,Affiliated,0001-01-01,9999-12-31,true,2024-01-01,roster_2024-01-01.csv,19
86aca840f4d64a88817a5acaaaa447d410a30711a0a9eb0917950c8af86b2c83,1844093249,Lewis,Michael,DO,Family Medicine,FAC006,Employed,0001-01-01,9999-12-31,true,2024-01-01,roster_2024-01-01.csv,22
86ae4d2d177d9ff3e8179633bab424db6fe682feadb921e48f7bb6ed80ee02d8,1228088641,Patel,Jessica,MD,Emergency Medicine,FAC004,Employed,2024-07-01,9999-12-31,true,2024-07-01,roster_2024-07-01.csv,4
88aa49abe673b16daebb256f42e59fcd24a705a9c7a49735a097914f6002bbf9,1771884131,Thompson,Karen,PA,Internal Medicine,FAC002,Employed,0001-01-01,9999-12-31,true,2024-01-01,roster_2024-01-01.csv,38
8c4d9ef7e59cb6f1a3e90c45127ee4b2749ab1bbcf3c8484b33745b9ef7564e0,1440029787,Young,Olivia,MD,Internal Medicine,FAC001,Employed,2024-07-01,9999-12-31,true,2024-07-01,roster_2024-07-01.csv,22
8c54656ddad52e31589d4ca68355d7fd04b615242cf1ffaf50212e1205606283,1105218543,Young,Tyler,MD,Nephrology,FAC002,Employed,0001-01-01,9999-12-31,true,2024-01-01,roster_2024-01-01.csv,35
8d5eb4901642157fe737eb6fa802c62d3814a0def568d877c4264e335476ea01,1871689760,Walker,Ashley,PA,Emergency Medicine,FAC001,Employed,0001-01-01,9999-12-31,true,2024-01-01,roster_2024-01-01.csv,17
8e3da9eae12382a880beb57226e4615249e901344126a6ab8920a6e7e438a781,1538453550,Martinez,Carlos,NP,Psychiatry,FAC005,Affiliated,0001-01-01,2025-01-01,false,2024-01-01,roster_2024-01-01.csv,45
92c9aef6c7479d46b0c49b5b12ceba843acd7f281619abb940581b79a640f57a,1472671472,Olson,Mei,PA,Cardiology,FAC001,Employed,2024-07-01,9999-12-31,true,2024-07-01,roster_2024-07-01.csv,2
97d3e4d9f71b14c83c6b8bc5519196340dd666a3d4d901c37397441e7133ce0d,1062048420,White,Paul,MD,Orthopedic Surgery,FAC008,Employed,2025-01-01,9999-12-31,true,2025-01-01,roster_2025-01-01.csv,16
988b5baf6bcfc85376a9692df8fbb85b9379fead758d787d4ba51f9c7c1126ad,1432627051,Nguyen,Katherine,PA,Psychiatry,FAC005,Affiliated,0001-01-01,9999-12-31,true,2024-01-01,roster_2024-01-01.csv,50
9e94d4a5e2ac14097fd49a39da2d45a8dd2535049a4f9a8d8d5bf6306534e6fe,1594502837,Brown,Linda,NP,Family Medicine,FAC006,Employed,2025-01-01,9999-12-31,true,2025-01-01,roster_2025-01-01.csv,7
ac7ead1adb2970dd2d465591ebb1bcea03f179640047834b4aaa5843849574b9,1008754750,Hoffman,Katherine,MD,Hospitalist,FAC002,Employed,0001-01-01,9999-12-31,true,2024-01-01,roster_2024-01-01.csv,3
ad04ff429916c170e390795887232811611663d76bf8f5b681ce97f062513376,1452059979,Williams,Thomas,PA,Nephrology,FAC001,Employed,0001-01-01,9999-12-31,true,2024-01-01,roster_2024-01-01.csv,26
ade61690d2168eaf679b418650c9d01e2233ab021e722f17e900e195ba086086,1472671472,King,Mei,PA,Cardiology,FAC001,Affiliated,0001-01-01,2024-07-01,false,2024-01-01,roster_2024-01-01.csv,21
b96e47bcd88fb5ba0bf57d58b732da21d45cd6a8181a0d012d19f4935c476a81,1279264513,Lewis,Sofia,MD,Emergency Medicine,FAC007,Affiliated,0001-01-01,9999-12-31,true,2024-01-01,roster_2024-01-01.csv,33
b9ff77b7497279bef78ef67d14de4fbda56b48ab80f2a051e3ce1e555007c3e3,1129110288,Jensen,Susan,MD,Hospitalist,FAC002,Affiliated,2024-07-01,9999-12-31,true,2024-07-01,roster_2024-07-01.csv,14
c2761b0ee0da48c3097a864e515c935df506826f25733a8a23096ccbbc3c0a0c,1895579906,Davis,Thomas,MD,Pediatrics,FAC003,Employed,0001-01-01,9999-12-31,true,2024-01-01,roster_2024-01-01.csv,14
c4335d68f0ca4b677f04f075aa8faa9cd187b9988b0e4ba3b475ff4ec300641f,1188357952,Nguyen,Katherine,NP,Internal Medicine,FAC006,Employed,0001-01-01,9999-12-31,true,2024-01-01,roster_2024-01-01.csv,34
c44f5c74251fdb3e2ec1357b55dd654561989001465e414046ffe7b942898160,1228088641,Patel,Jessica,MD,Emergency Medicine,FAC004,Affiliated,0001-01-01,2024-07-01,false,2024-01-01,roster_2024-01-01.csv,5
c4ac7de2ece4baf250316b8d4c26342fff92b9e2fd492f1bfc1101e8b554ac28,1615846452,O'Brien,Nancy,NP,Pediatrics,FAC003,Employed,0001-01-01,2024-07-01,false,2024-01-01,roster_2024-01-01.csv,23
c520cbb7ea8ccb78ed9e84432e2f0a81bc34c72641cb25473ab89619129b3e1e,1309114175,King,Hannah,MD,Hospitalist,FAC001,Employed,0001-01-01,9999-12-31,true,2024-01-01,roster_2024-01-01.csv,40
c59b60f8d9d68e5510f10ab3d5eda3edb13e1748018c3405d2903336f5d48945,1787680457,Moore,Lisa,NP,Cardiology,FAC001,Affiliated,0001-01-01,9999-12-31,true,2024-01-01,roster_2024-01-01.csv,39
c9cb13ef74470ebd7213c6632661a0a6cfb48eff82eb305968bf792da1e0b314,1775003142,Hall,Laura,MD,Orthopedic Surgery,FAC008,Employed,2024-07-01,9999-12-31,true,2024-07-01,roster_2024-07-01.csv,43
cfafed49a7ca6ca40d3abdf3fff4ae9110e82dbec600d647c7cdce29838b7431,1541465906,Johnson,Samuel,DO,Pediatrics,FAC003,Employed,0001-01-01,9999-12-31,true,2024-01-01,roster_2024-01-01.csv,9
cfea1ae66e03120d568c1741315aa252e0fc0fc80c9049d4c561ae16c4d854e6,1215711643,Garcia-Lopez,Brian,MD,Family Medicine,FAC006,Employed,0001-01-01,2024-07-01,false,2024-01-01,roster_2024-01-01.csv,15
d68f2a18362610beaf5f90b4db1023350bf6c79c59649261072022de616627fc,1860320807,Schultz,Rebecca,MD,Emergency Medicine,FAC002,Employed,0001-01-01,2024-07-01,false,2024-01-01,roster_2024-01-01.csv,37
db5f360abe556649b3de3b21a341e7731aceab68a7dc40d601c122095e001d0d,1552182481,Kowalski,Nancy,MD,Hospitalist,FAC001,Employed,2024-07-01,9999-12-31,true,2024-07-01,roster_2024-07-01.csv,25
e052e6e7b2c2e499e0b444c4775142015e784636e3b63d010e1d12dbad2db6ab,1458421082,Lopez,Olivia,MD,Psychiatry,FAC005,Employed,0001-01-01,9999-12-31,true,2024-01-01,roster_2024-01-01.csv,48
e0d6c4adee77066b5bb290a68b424ab464464b001712c6cee458b7f0b91429c6,1215711643,Garcia-Lopez,Brian,MD,Family Medicine,FAC007,Employed,2024-07-01,9999-12-31,true,2024-07-01,roster_2024-07-01.csv,34
e380cbeaee58350db8c817f64c6451452fdeadf11302bc396767de6b7b9a34a6,1447294053,Peterson,Samuel,PA,Emergency Medicine,FAC001,Employed,0001-01-01,9999-12-31,true,2024-01-01,roster_2024-01-01.csv,7
e612a141a7ac614b9b578d51692fcaf21b903b532854eb5305f109a099696a89,1139986982,Schmidt,Anthony,MD,Hospitalist,FAC001,Employed,0001-01-01,9999-12-31,true,2024-01-01,roster_2024-01-01.csv,6
ea41ad08b81972aa7859d439e5660698e48d4feee3b21fb3fb27a7ac4c69b712,1443256882,Garcia,Michael,NP,Endocrinology,FAC006,Employed,0001-01-01,9999-12-31,true,2024-01-01,roster_2024-01-01.csv,10
ec0cc1b9ed5fe6459de09a9c084579e47559b7fd02d6614eab78939d8c512f88,1585003704,Schmidt,Luis,DO,Internal Medicine,FAC004,Affiliated,0001-01-01,9999-12-31,true,2024-01-01,roster_2024-01-01.csv,13
ee9d293c2507a4857a83b5106c1510494adad64a48d36cd8d68ca839bd692b15,1652373550,Jensen,Nancy,NP,Emergency Medicine,FAC007,Affiliated,0001-01-01,9999-12-31,true,2024-01-01,roster_2024-01-01.csv,2
efadd8a16119d9f21f0aa11775179f17f5a56f8bec2ea51e55ec9b7f298af5c1,1682052588,Wright,James,DO,Cardiology,FAC002,Affiliated,0001-01-01,9999-12-31,true,2024-01-01,roster_2024-01-01.csv,28
f519d9ed5f1851ec0a2ce14c139da17de1bdebf0c050658f51fa8170afbb6d6b,1018051544,Martinez,Richard,MD,Family Medicine,FAC006,Employed,0001-01-01,9999-12-31,true,2024-01-01,roster_2024-01-01.csv,12
fc8780f1656ca5c3486bcacdec3b507f5ad605e94214df2daa0b415ec84dc5fe,1764529123,Jackson,Thomas,PA,Emergency Medicine,FAC004,Employed,0001-01-01,9999-12-31,true,2024-01-01,roster_2024-01-01.csv,27
