batch_id,batch_status,scope,file_name,source_system,check_code,check_category,layer,grain,severity,evaluated_count,observed_count,expected_count,observed_pct,threshold_pct,status,reason_codes
batch_001,ACCEPTED,BATCH,,,MANIFEST_VALID,FILE_VALIDATION,LANDING,BATCH,ERROR,1,0,,0.00,,PASS,
batch_001,ACCEPTED,BATCH,,,PUBLISH_GATE,PUBLISH_GATE,CLEAN,BATCH,ERROR,2863,44,,1.54,5.00,PASS,
batch_001,ACCEPTED,FILE,encounters_athena_clinics.csv,ATHENA_CLINICS,ADMIT_DATE_VALID,VALIDITY,CLEAN,VERSION,ERROR,1082,7,,0.65,,FAIL,DATE_AFTER_DELIVERY|DATE_INVALID|DATE_PLACEHOLDER
batch_001,ACCEPTED,FILE,encounters_athena_clinics.csv,ATHENA_CLINICS,AGE_BAND_KNOWN,VALIDITY,CLEAN,VERSION,WARNING,1082,6,,0.55,,WARN,AGE_BAND_DOB_UNAVAILABLE
batch_001,ACCEPTED,FILE,encounters_athena_clinics.csv,ATHENA_CLINICS,ATTENDING_NPI_IN_ROSTER,REFERENTIAL_INTEGRITY,CLEAN,VERSION,WARNING,1082,5,,0.46,,WARN,NPI_NOT_IN_ROSTER
batch_001,ACCEPTED,FILE,encounters_athena_clinics.csv,ATHENA_CLINICS,ATTENDING_NPI_VALID,VALIDITY,CLEAN,VERSION,WARNING,1082,2,,0.18,,WARN,NPI_INVALID_FORMAT|NPI_PLACEHOLDER
batch_001,ACCEPTED,FILE,encounters_athena_clinics.csv,ATHENA_CLINICS,BILLED_AMOUNT_VALID,VALIDITY,CLEAN,VERSION,WARNING,1082,21,,1.94,,WARN,AMOUNT_MISSING|AMOUNT_PLACEHOLDER|AMOUNT_SPREADSHEET_ERROR|AMOUNT_UNPARSEABLE
batch_001,ACCEPTED,FILE,encounters_athena_clinics.csv,ATHENA_CLINICS,CLAIM_STATUS_MAPPED,VALIDITY,CLEAN,VERSION,WARNING,1082,0,,0.00,,PASS,
batch_001,ACCEPTED,FILE,encounters_athena_clinics.csv,ATHENA_CLINICS,CURRENT_MATCHES_HISTORY,RECONCILIATION,MART,VERSION,ERROR,1082,0,0,,,PASS,
batch_001,ACCEPTED,FILE,encounters_athena_clinics.csv,ATHENA_CLINICS,DISCHARGE_DATE_VALID,VALIDITY,CLEAN,VERSION,WARNING,1082,503,,46.49,,WARN,DATE_MISSING
batch_001,ACCEPTED,FILE,encounters_athena_clinics.csv,ATHENA_CLINICS,DISCHARGE_NOT_BEFORE_ADMIT,VALIDITY,CLEAN,VERSION,WARNING,1082,0,,0.00,,PASS,
batch_001,ACCEPTED,FILE,encounters_athena_clinics.csv,ATHENA_CLINICS,DUPLICATE_FILE,DUPLICATE,LANDING,FILE,WARNING,1,0,,0.00,,PASS,
batch_001,ACCEPTED,FILE,encounters_athena_clinics.csv,ATHENA_CLINICS,DUPLICATE_ROW,DUPLICATE,CLEAN,ROW,INFO,1090,8,,0.73,,PASS,DUPLICATE_IN_BATCH
batch_001,ACCEPTED,FILE,encounters_athena_clinics.csv,ATHENA_CLINICS,ENCOUNTER_TYPE_MAPPED,VALIDITY,CLEAN,VERSION,WARNING,1082,5,,0.46,,WARN,ENCOUNTER_TYPE_MISSING
batch_001,ACCEPTED,FILE,encounters_athena_clinics.csv,ATHENA_CLINICS,FACILITY_RESOLVED,VALIDITY,CLEAN,VERSION,ERROR,1082,20,,1.85,,FAIL,FACILITY_UNRESOLVED
batch_001,ACCEPTED,FILE,encounters_athena_clinics.csv,ATHENA_CLINICS,FILE_CSV_PARSEABLE,FILE_VALIDATION,LANDING,FILE,ERROR,1,0,,0.00,,PASS,
batch_001,ACCEPTED,FILE,encounters_athena_clinics.csv,ATHENA_CLINICS,FILE_ENCODING_VALID,FILE_VALIDATION,LANDING,FILE,ERROR,1,0,,0.00,,PASS,
batch_001,ACCEPTED,FILE,encounters_athena_clinics.csv,ATHENA_CLINICS,FILE_SHA256_MATCH,FILE_VALIDATION,LANDING,FILE,ERROR,1,0,,0.00,,PASS,
batch_001,ACCEPTED,FILE,encounters_athena_clinics.csv,ATHENA_CLINICS,FK_FACT_DATE,REFERENTIAL_INTEGRITY,MART,VERSION,ERROR,1082,0,0,,,PASS,
batch_001,ACCEPTED,FILE,encounters_athena_clinics.csv,ATHENA_CLINICS,FK_FACT_DIAGNOSIS,REFERENTIAL_INTEGRITY,MART,VERSION,ERROR,1082,0,0,,,PASS,
batch_001,ACCEPTED,FILE,encounters_athena_clinics.csv,ATHENA_CLINICS,FK_FACT_FACILITY,REFERENTIAL_INTEGRITY,MART,VERSION,ERROR,1082,0,0,,,PASS,
batch_001,ACCEPTED,FILE,encounters_athena_clinics.csv,ATHENA_CLINICS,FK_FACT_PATIENT,REFERENTIAL_INTEGRITY,MART,VERSION,ERROR,1082,0,0,,,PASS,
batch_001,ACCEPTED,FILE,encounters_athena_clinics.csv,ATHENA_CLINICS,FK_FACT_PAYER,REFERENTIAL_INTEGRITY,MART,VERSION,ERROR,1082,0,0,,,PASS,
batch_001,ACCEPTED,FILE,encounters_athena_clinics.csv,ATHENA_CLINICS,FK_FACT_PROVIDER,REFERENTIAL_INTEGRITY,MART,VERSION,ERROR,1082,0,0,,,PASS,
batch_001,ACCEPTED,FILE,encounters_athena_clinics.csv,ATHENA_CLINICS,KEY_UNIQUE,DUPLICATE,ALL,VERSION,ERROR,1082,0,0,,,PASS,
batch_001,ACCEPTED,FILE,encounters_athena_clinics.csv,ATHENA_CLINICS,LAST_UPDATED_TS_UNAMBIGUOUS,VALIDITY,CLEAN,VERSION,WARNING,1082,0,,0.00,,PASS,
batch_001,ACCEPTED,FILE,encounters_athena_clinics.csv,ATHENA_CLINICS,LAST_UPDATED_TS_VALID,QUARANTINE,CLEAN,ROW,ERROR,1090,0,,0.00,,PASS,
batch_001,ACCEPTED,FILE,encounters_athena_clinics.csv,ATHENA_CLINICS,PATIENT_KEY_PRESENT,NULL,CLEAN,VERSION,WARNING,1082,0,,0.00,,PASS,
batch_001,ACCEPTED,FILE,encounters_athena_clinics.csv,ATHENA_CLINICS,PATIENT_LINKED,VALIDITY,CLEAN,VERSION,WARNING,1082,6,,0.55,,WARN,PATIENT_UNLINKED_NO_DOB
batch_001,ACCEPTED,FILE,encounters_athena_clinics.csv,ATHENA_CLINICS,PAYER_MAPPED,VALIDITY,CLEAN,VERSION,WARNING,1082,4,,0.37,,WARN,PAYER_MISSING
batch_001,ACCEPTED,FILE,encounters_athena_clinics.csv,ATHENA_CLINICS,PRIMARY_DX_IN_REFERENCE,REFERENTIAL_INTEGRITY,CLEAN,VERSION,WARNING,1082,6,,0.55,,WARN,DX_NOT_IN_REFERENCE
batch_001,ACCEPTED,FILE,encounters_athena_clinics.csv,ATHENA_CLINICS,PRIMARY_DX_VALID,VALIDITY,CLEAN,VERSION,WARNING,1082,6,,0.55,,WARN,DX_PLACEHOLDER|DX_UNPARSEABLE
batch_001,ACCEPTED,FILE,encounters_athena_clinics.csv,ATHENA_CLINICS,PROVIDER_ON_ROSTER_AT_ADMIT,REFERENTIAL_INTEGRITY,MART,VERSION,WARNING,1082,0,,0.00,,PASS,
batch_001,ACCEPTED,FILE,encounters_athena_clinics.csv,ATHENA_CLINICS,RECON_CURRENT_ROWS,RECONCILIATION,MART,VERSION,INFO,1082,1010,,93.35,,PASS,
batch_001,ACCEPTED,FILE,encounters_athena_clinics.csv,ATHENA_CLINICS,RECON_DQ_PARTITION,RECONCILIATION,CLEAN,VERSION,ERROR,1082,1082,1082,,,PASS,
batch_001,ACCEPTED,FILE,encounters_athena_clinics.csv,ATHENA_CLINICS,RECON_FACT_VERSION_ROWS,RECONCILIATION,MART,VERSION,ERROR,1082,1082,1082,,,PASS,
batch_001,ACCEPTED,FILE,encounters_athena_clinics.csv,ATHENA_CLINICS,RECON_HISTORY_ROWS,RECONCILIATION,CLEAN,VERSION,ERROR,1082,1082,1082,,,PASS,
batch_001,ACCEPTED,FILE,encounters_athena_clinics.csv,ATHENA_CLINICS,RECON_PATIENT_ROWS,RECONCILIATION,CLEAN,ROW,ERROR,1090,1090,1090,,,PASS,
batch_001,ACCEPTED,FILE,encounters_athena_clinics.csv,ATHENA_CLINICS,RECON_QUARANTINE_ROWS,RECONCILIATION,CLEAN,ROW,ERROR,1090,27,27,,,PASS,
batch_001,ACCEPTED,FILE,encounters_athena_clinics.csv,ATHENA_CLINICS,RECON_RAW_ROWS,RECONCILIATION,RAW,ROW,ERROR,1090,1090,1090,,,PASS,
batch_001,ACCEPTED,FILE,encounters_athena_clinics.csv,ATHENA_CLINICS,RECON_ROW_OUTCOMES,RECONCILIATION,CLEAN,ROW,ERROR,1090,1090,1090,,,PASS,
batch_001,ACCEPTED,FILE,encounters_athena_clinics.csv,ATHENA_CLINICS,RECON_VERSION_FIELD_ROWS,RECONCILIATION,CLEAN,VERSION,ERROR,1082,1082,1082,,,PASS,
batch_001,ACCEPTED,FILE,encounters_athena_clinics.csv,ATHENA_CLINICS,RECORD_SHAPE_VALID,FILE_VALIDATION,LANDING,FILE,ERROR,1,0,,0.00,,PASS,
batch_001,ACCEPTED,FILE,encounters_athena_clinics.csv,ATHENA_CLINICS,ROW_COUNT_MATCH,ROW_COUNT,LANDING,FILE,ERROR,1,1090,1090,,,PASS,
batch_001,ACCEPTED,FILE,encounters_athena_clinics.csv,ATHENA_CLINICS,SCHEMA_CONTRACT_MATCH,SCHEMA,LANDING,FILE,ERROR,1,0,,0.00,,PASS,
batch_001,ACCEPTED,FILE,encounters_athena_clinics.csv,ATHENA_CLINICS,SCHEMA_VERSION_CHANGED,SCHEMA,LANDING,FILE,WARNING,1,0,,0.00,,PASS,
batch_001,ACCEPTED,FILE,encounters_athena_clinics.csv,ATHENA_CLINICS,SEX_KNOWN,VALIDITY,CLEAN,VERSION,WARNING,1082,0,,0.00,,PASS,
batch_001,ACCEPTED,FILE,encounters_athena_clinics.csv,ATHENA_CLINICS,SOURCE_RECORD_ID_PRESENT,QUARANTINE,CLEAN,ROW,ERROR,1090,0,,0.00,,PASS,
batch_001,ACCEPTED,FILE,encounters_athena_clinics.csv,ATHENA_CLINICS,STALE_REPLAY_CONFLICT,DUPLICATE,CLEAN,ROW,WARNING,1090,0,,0.00,,PASS,
batch_001,ACCEPTED,FILE,encounters_athena_clinics.csv,ATHENA_CLINICS,STALE_ROW,DUPLICATE,CLEAN,ROW,INFO,1090,0,,0.00,,PASS,
batch_001,ACCEPTED,FILE,encounters_athena_clinics.csv,ATHENA_CLINICS,VALUE_REASON_CONSISTENT,NULL,MART,VERSION,ERROR,1082,0,0,,,PASS,
batch_001,ACCEPTED,FILE,encounters_athena_clinics.csv,ATHENA_CLINICS,VERSION_CONFLICT_SAME_TS,QUARANTINE,CLEAN,ROW,ERROR,1090,0,,0.00,,PASS,
batch_001,ACCEPTED,FILE,encounters_athena_clinics.csv,ATHENA_CLINICS,ZIP3_VALID,VALIDITY,CLEAN,VERSION,WARNING,1082,0,,0.00,,PASS,
batch_001,ACCEPTED,FILE,encounters_epic_north.csv,EPIC_NORTH,ADMIT_DATE_VALID,VALIDITY,CLEAN,VERSION,ERROR,1415,7,,0.49,,FAIL,DATE_AFTER_DELIVERY|DATE_INVALID|DATE_PLACEHOLDER
batch_001,ACCEPTED,FILE,encounters_epic_north.csv,EPIC_NORTH,AGE_BAND_KNOWN,VALIDITY,CLEAN,VERSION,WARNING,1415,15,,1.06,,WARN,AGE_BAND_DOB_AFTER_ADMIT|AGE_BAND_DOB_UNAVAILABLE
batch_001,ACCEPTED,FILE,encounters_epic_north.csv,EPIC_NORTH,ATTENDING_NPI_IN_ROSTER,REFERENTIAL_INTEGRITY,CLEAN,VERSION,WARNING,1415,6,,0.42,,WARN,NPI_NOT_IN_ROSTER
batch_001,ACCEPTED,FILE,encounters_epic_north.csv,EPIC_NORTH,ATTENDING_NPI_VALID,VALIDITY,CLEAN,VERSION,WARNING,1415,16,,1.13,,WARN,NPI_CHECKSUM_FAILED|NPI_INVALID_FORMAT|NPI_MISSING|NPI_PLACEHOLDER
batch_001,ACCEPTED,FILE,encounters_epic_north.csv,EPIC_NORTH,BILLED_AMOUNT_VALID,VALIDITY,CLEAN,VERSION,WARNING,1415,21,,1.48,,WARN,AMOUNT_MISSING|AMOUNT_PLACEHOLDER|AMOUNT_SPREADSHEET_ERROR|AMOUNT_UNPARSEABLE
batch_001,ACCEPTED,FILE,encounters_epic_north.csv,EPIC_NORTH,CLAIM_STATUS_MAPPED,VALIDITY,CLEAN,VERSION,WARNING,1415,0,,0.00,,PASS,
batch_001,ACCEPTED,FILE,encounters_epic_north.csv,EPIC_NORTH,CURRENT_MATCHES_HISTORY,RECONCILIATION,MART,VERSION,ERROR,1415,0,0,,,PASS,
batch_001,ACCEPTED,FILE,encounters_epic_north.csv,EPIC_NORTH,DISCHARGE_DATE_VALID,VALIDITY,CLEAN,VERSION,WARNING,1415,230,,16.25,,WARN,DATE_MISSING
batch_001,ACCEPTED,FILE,encounters_epic_north.csv,EPIC_NORTH,DISCHARGE_NOT_BEFORE_ADMIT,VALIDITY,CLEAN,VERSION,WARNING,1415,6,,0.42,,WARN,DISCHARGE_BEFORE_ADMIT
batch_001,ACCEPTED,FILE,encounters_epic_north.csv,EPIC_NORTH,DUPLICATE_FILE,DUPLICATE,LANDING,FILE,WARNING,1,0,,0.00,,PASS,
batch_001,ACCEPTED,FILE,encounters_epic_north.csv,EPIC_NORTH,DUPLICATE_ROW,DUPLICATE,CLEAN,ROW,INFO,1432,17,,1.19,,PASS,DUPLICATE_IN_BATCH
batch_001,ACCEPTED,FILE,encounters_epic_north.csv,EPIC_NORTH,ENCOUNTER_TYPE_MAPPED,VALIDITY,CLEAN,VERSION,WARNING,1415,8,,0.57,,WARN,ENCOUNTER_TYPE_MISSING
batch_001,ACCEPTED,FILE,encounters_epic_north.csv,EPIC_NORTH,FACILITY_RESOLVED,VALIDITY,CLEAN,VERSION,ERROR,1415,7,,0.49,,FAIL,FACILITY_UNRESOLVED
batch_001,ACCEPTED,FILE,encounters_epic_north.csv,EPIC_NORTH,FILE_CSV_PARSEABLE,FILE_VALIDATION,LANDING,FILE,ERROR,1,0,,0.00,,PASS,
batch_001,ACCEPTED,FILE,encounters_epic_north.csv,EPIC_NORTH,FILE_ENCODING_VALID,FILE_VALIDATION,LANDING,FILE,ERROR,1,0,,0.00,,PASS,
batch_001,ACCEPTED,FILE,encounters_epic_north.csv,EPIC_NORTH,FILE_SHA256_MATCH,FILE_VALIDATION,LANDING,FILE,ERROR,1,0,,0.00,,PASS,
batch_001,ACCEPTED,FILE,encounters_epic_north.csv,EPIC_NORTH,FK_FACT_DATE,REFERENTIAL_INTEGRITY,MART,VERSION,ERROR,1415,0,0,,,PASS,
batch_001,ACCEPTED,FILE,encounters_epic_north.csv,EPIC_NORTH,FK_FACT_DIAGNOSIS,REFERENTIAL_INTEGRITY,MART,VERSION,ERROR,1415,0,0,,,PASS,
batch_001,ACCEPTED,FILE,encounters_epic_north.csv,EPIC_NORTH,FK_FACT_FACILITY,REFERENTIAL_INTEGRITY,MART,VERSION,ERROR,1415,0,0,,,PASS,
batch_001,ACCEPTED,FILE,encounters_epic_north.csv,EPIC_NORTH,FK_FACT_PATIENT,REFERENTIAL_INTEGRITY,MART,VERSION,ERROR,1415,0,0,,,PASS,
batch_001,ACCEPTED,FILE,encounters_epic_north.csv,EPIC_NORTH,FK_FACT_PAYER,REFERENTIAL_INTEGRITY,MART,VERSION,ERROR,1415,0,0,,,PASS,
batch_001,ACCEPTED,FILE,encounters_epic_north.csv,EPIC_NORTH,FK_FACT_PROVIDER,REFERENTIAL_INTEGRITY,MART,VERSION,ERROR,1415,0,0,,,PASS,
batch_001,ACCEPTED,FILE,encounters_epic_north.csv,EPIC_NORTH,KEY_UNIQUE,DUPLICATE,ALL,VERSION,ERROR,1415,0,0,,,PASS,
batch_001,ACCEPTED,FILE,encounters_epic_north.csv,EPIC_NORTH,LAST_UPDATED_TS_UNAMBIGUOUS,VALIDITY,CLEAN,VERSION,WARNING,1415,0,,0.00,,PASS,
batch_001,ACCEPTED,FILE,encounters_epic_north.csv,EPIC_NORTH,LAST_UPDATED_TS_VALID,QUARANTINE,CLEAN,ROW,ERROR,1432,0,,0.00,,PASS,
batch_001,ACCEPTED,FILE,encounters_epic_north.csv,EPIC_NORTH,PATIENT_KEY_PRESENT,NULL,CLEAN,VERSION,WARNING,1415,0,,0.00,,PASS,
batch_001,ACCEPTED,FILE,encounters_epic_north.csv,EPIC_NORTH,PATIENT_LINKED,VALIDITY,CLEAN,VERSION,WARNING,1415,14,,0.99,,WARN,PATIENT_UNLINKED_NO_DOB
batch_001,ACCEPTED,FILE,encounters_epic_north.csv,EPIC_NORTH,PAYER_MAPPED,VALIDITY,CLEAN,VERSION,WARNING,1415,4,,0.28,,WARN,PAYER_MISSING
batch_001,ACCEPTED,FILE,encounters_epic_north.csv,EPIC_NORTH,PRIMARY_DX_IN_REFERENCE,REFERENTIAL_INTEGRITY,CLEAN,VERSION,WARNING,1415,10,,0.71,,WARN,DX_NOT_IN_REFERENCE
batch_001,ACCEPTED,FILE,encounters_epic_north.csv,EPIC_NORTH,PRIMARY_DX_VALID,VALIDITY,CLEAN,VERSION,WARNING,1415,4,,0.28,,WARN,DX_PLACEHOLDER|DX_UNPARSEABLE
batch_001,ACCEPTED,FILE,encounters_epic_north.csv,EPIC_NORTH,PROVIDER_ON_ROSTER_AT_ADMIT,REFERENTIAL_INTEGRITY,MART,VERSION,WARNING,1415,0,,0.00,,PASS,
batch_001,ACCEPTED,FILE,encounters_epic_north.csv,EPIC_NORTH,RECON_CURRENT_ROWS,RECONCILIATION,MART,VERSION,INFO,1415,1330,,93.99,,PASS,
batch_001,ACCEPTED,FILE,encounters_epic_north.csv,EPIC_NORTH,RECON_DQ_PARTITION,RECONCILIATION,CLEAN,VERSION,ERROR,1415,1415,1415,,,PASS,
batch_001,ACCEPTED,FILE,encounters_epic_north.csv,EPIC_NORTH,RECON_FACT_VERSION_ROWS,RECONCILIATION,MART,VERSION,ERROR,1415,1415,1415,,,PASS,
batch_001,ACCEPTED,FILE,encounters_epic_north.csv,EPIC_NORTH,RECON_HISTORY_ROWS,RECONCILIATION,CLEAN,VERSION,ERROR,1415,1415,1415,,,PASS,
batch_001,ACCEPTED,FILE,encounters_epic_north.csv,EPIC_NORTH,RECON_PATIENT_ROWS,RECONCILIATION,CLEAN,ROW,ERROR,1432,1432,1432,,,PASS,
batch_001,ACCEPTED,FILE,encounters_epic_north.csv,EPIC_NORTH,RECON_QUARANTINE_ROWS,RECONCILIATION,CLEAN,ROW,ERROR,1432,14,14,,,PASS,
batch_001,ACCEPTED,FILE,encounters_epic_north.csv,EPIC_NORTH,RECON_RAW_ROWS,RECONCILIATION,RAW,ROW,ERROR,1432,1432,1432,,,PASS,
batch_001,ACCEPTED,FILE,encounters_epic_north.csv,EPIC_NORTH,RECON_ROW_OUTCOMES,RECONCILIATION,CLEAN,ROW,ERROR,1432,1432,1432,,,PASS,
batch_001,ACCEPTED,FILE,encounters_epic_north.csv,EPIC_NORTH,RECON_VERSION_FIELD_ROWS,RECONCILIATION,CLEAN,VERSION,ERROR,1415,1415,1415,,,PASS,
batch_001,ACCEPTED,FILE,encounters_epic_north.csv,EPIC_NORTH,RECORD_SHAPE_VALID,FILE_VALIDATION,LANDING,FILE,ERROR,1,0,,0.00,,PASS,
batch_001,ACCEPTED,FILE,encounters_epic_north.csv,EPIC_NORTH,ROW_COUNT_MATCH,ROW_COUNT,LANDING,FILE,ERROR,1,1432,1432,,,PASS,
batch_001,ACCEPTED,FILE,encounters_epic_north.csv,EPIC_NORTH,SCHEMA_CONTRACT_MATCH,SCHEMA,LANDING,FILE,ERROR,1,0,,0.00,,PASS,
batch_001,ACCEPTED,FILE,encounters_epic_north.csv,EPIC_NORTH,SCHEMA_VERSION_CHANGED,SCHEMA,LANDING,FILE,WARNING,1,0,,0.00,,PASS,
batch_001,ACCEPTED,FILE,encounters_epic_north.csv,EPIC_NORTH,SEX_KNOWN,VALIDITY,CLEAN,VERSION,WARNING,1415,0,,0.00,,PASS,
batch_001,ACCEPTED,FILE,encounters_epic_north.csv,EPIC_NORTH,SOURCE_RECORD_ID_PRESENT,QUARANTINE,CLEAN,ROW,ERROR,1432,0,,0.00,,PASS,
batch_001,ACCEPTED,FILE,encounters_epic_north.csv,EPIC_NORTH,STALE_REPLAY_CONFLICT,DUPLICATE,CLEAN,ROW,WARNING,1432,0,,0.00,,PASS,
batch_001,ACCEPTED,FILE,encounters_epic_north.csv,EPIC_NORTH,STALE_ROW,DUPLICATE,CLEAN,ROW,INFO,1432,0,,0.00,,PASS,
batch_001,ACCEPTED,FILE,encounters_epic_north.csv,EPIC_NORTH,VALUE_REASON_CONSISTENT,NULL,MART,VERSION,ERROR,1415,0,0,,,PASS,
batch_001,ACCEPTED,FILE,encounters_epic_north.csv,EPIC_NORTH,VERSION_CONFLICT_SAME_TS,QUARANTINE,CLEAN,ROW,ERROR,1432,0,,0.00,,PASS,
batch_001,ACCEPTED,FILE,encounters_epic_north.csv,EPIC_NORTH,ZIP3_VALID,VALIDITY,CLEAN,VERSION,WARNING,1415,0,,0.00,,PASS,
batch_001,ACCEPTED,FILE,encounters_legacy_meditech.csv,LEGACY_MEDITECH,ADMIT_DATE_VALID,VALIDITY,CLEAN,VERSION,ERROR,336,3,,0.89,,FAIL,DATE_AFTER_DELIVERY|DATE_INVALID
batch_001,ACCEPTED,FILE,encounters_legacy_meditech.csv,LEGACY_MEDITECH,AGE_BAND_KNOWN,VALIDITY,CLEAN,VERSION,WARNING,336,8,,2.38,,WARN,AGE_BAND_DOB_UNAVAILABLE
batch_001,ACCEPTED,FILE,encounters_legacy_meditech.csv,LEGACY_MEDITECH,ATTENDING_NPI_IN_ROSTER,REFERENTIAL_INTEGRITY,CLEAN,VERSION,WARNING,336,5,,1.49,,WARN,NPI_NOT_IN_ROSTER
batch_001,ACCEPTED,FILE,encounters_legacy_meditech.csv,LEGACY_MEDITECH,ATTENDING_NPI_VALID,VALIDITY,CLEAN,VERSION,WARNING,336,0,,0.00,,PASS,
batch_001,ACCEPTED,FILE,encounters_legacy_meditech.csv,LEGACY_MEDITECH,BILLED_AMOUNT_VALID,VALIDITY,CLEAN,VERSION,WARNING,336,8,,2.38,,WARN,AMOUNT_MISSING|AMOUNT_PLACEHOLDER|AMOUNT_UNPARSEABLE
batch_001,ACCEPTED,FILE,encounters_legacy_meditech.csv,LEGACY_MEDITECH,CLAIM_STATUS_MAPPED,VALIDITY,CLEAN,VERSION,WARNING,336,0,,0.00,,PASS,
batch_001,ACCEPTED,FILE,encounters_legacy_meditech.csv,LEGACY_MEDITECH,CURRENT_MATCHES_HISTORY,RECONCILIATION,MART,VERSION,ERROR,336,0,0,,,PASS,
batch_001,ACCEPTED,FILE,encounters_legacy_meditech.csv,LEGACY_MEDITECH,DISCHARGE_DATE_VALID,VALIDITY,CLEAN,VERSION,WARNING,336,61,,18.15,,WARN,DATE_MISSING
batch_001,ACCEPTED,FILE,encounters_legacy_meditech.csv,LEGACY_MEDITECH,DISCHARGE_NOT_BEFORE_ADMIT,VALIDITY,CLEAN,VERSION,WARNING,336,1,,0.30,,WARN,DISCHARGE_BEFORE_ADMIT
batch_001,ACCEPTED,FILE,encounters_legacy_meditech.csv,LEGACY_MEDITECH,DUPLICATE_FILE,DUPLICATE,LANDING,FILE,WARNING,1,0,,0.00,,PASS,
batch_001,ACCEPTED,FILE,encounters_legacy_meditech.csv,LEGACY_MEDITECH,DUPLICATE_ROW,DUPLICATE,CLEAN,ROW,INFO,341,5,,1.47,,PASS,DUPLICATE_IN_BATCH
batch_001,ACCEPTED,FILE,encounters_legacy_meditech.csv,LEGACY_MEDITECH,ENCOUNTER_TYPE_MAPPED,VALIDITY,CLEAN,VERSION,WARNING,336,4,,1.19,,WARN,ENCOUNTER_TYPE_MISSING
batch_001,ACCEPTED,FILE,encounters_legacy_meditech.csv,LEGACY_MEDITECH,FACILITY_RESOLVED,VALIDITY,CLEAN,VERSION,ERROR,336,0,,0.00,,PASS,
batch_001,ACCEPTED,FILE,encounters_legacy_meditech.csv,LEGACY_MEDITECH,FILE_CSV_PARSEABLE,FILE_VALIDATION,LANDING,FILE,ERROR,1,0,,0.00,,PASS,
batch_001,ACCEPTED,FILE,encounters_legacy_meditech.csv,LEGACY_MEDITECH,FILE_ENCODING_VALID,FILE_VALIDATION,LANDING,FILE,ERROR,1,0,,0.00,,PASS,
batch_001,ACCEPTED,FILE,encounters_legacy_meditech.csv,LEGACY_MEDITECH,FILE_SHA256_MATCH,FILE_VALIDATION,LANDING,FILE,ERROR,1,0,,0.00,,PASS,
batch_001,ACCEPTED,FILE,encounters_legacy_meditech.csv,LEGACY_MEDITECH,FK_FACT_DATE,REFERENTIAL_INTEGRITY,MART,VERSION,ERROR,336,0,0,,,PASS,
batch_001,ACCEPTED,FILE,encounters_legacy_meditech.csv,LEGACY_MEDITECH,FK_FACT_DIAGNOSIS,REFERENTIAL_INTEGRITY,MART,VERSION,ERROR,336,0,0,,,PASS,
batch_001,ACCEPTED,FILE,encounters_legacy_meditech.csv,LEGACY_MEDITECH,FK_FACT_FACILITY,REFERENTIAL_INTEGRITY,MART,VERSION,ERROR,336,0,0,,,PASS,
batch_001,ACCEPTED,FILE,encounters_legacy_meditech.csv,LEGACY_MEDITECH,FK_FACT_PATIENT,REFERENTIAL_INTEGRITY,MART,VERSION,ERROR,336,0,0,,,PASS,
batch_001,ACCEPTED,FILE,encounters_legacy_meditech.csv,LEGACY_MEDITECH,FK_FACT_PAYER,REFERENTIAL_INTEGRITY,MART,VERSION,ERROR,336,0,0,,,PASS,
batch_001,ACCEPTED,FILE,encounters_legacy_meditech.csv,LEGACY_MEDITECH,FK_FACT_PROVIDER,REFERENTIAL_INTEGRITY,MART,VERSION,ERROR,336,0,0,,,PASS,
batch_001,ACCEPTED,FILE,encounters_legacy_meditech.csv,LEGACY_MEDITECH,KEY_UNIQUE,DUPLICATE,ALL,VERSION,ERROR,336,0,0,,,PASS,
batch_001,ACCEPTED,FILE,encounters_legacy_meditech.csv,LEGACY_MEDITECH,LAST_UPDATED_TS_UNAMBIGUOUS,VALIDITY,CLEAN,VERSION,WARNING,336,0,,0.00,,PASS,
batch_001,ACCEPTED,FILE,encounters_legacy_meditech.csv,LEGACY_MEDITECH,LAST_UPDATED_TS_VALID,QUARANTINE,CLEAN,ROW,ERROR,341,0,,0.00,,PASS,
batch_001,ACCEPTED,FILE,encounters_legacy_meditech.csv,LEGACY_MEDITECH,PATIENT_KEY_PRESENT,NULL,CLEAN,VERSION,WARNING,336,0,,0.00,,PASS,
batch_001,ACCEPTED,FILE,encounters_legacy_meditech.csv,LEGACY_MEDITECH,PATIENT_LINKED,VALIDITY,CLEAN,VERSION,WARNING,336,8,,2.38,,WARN,PATIENT_UNLINKED_NO_DOB
batch_001,ACCEPTED,FILE,encounters_legacy_meditech.csv,LEGACY_MEDITECH,PAYER_MAPPED,VALIDITY,CLEAN,VERSION,WARNING,336,0,,0.00,,PASS,
batch_001,ACCEPTED,FILE,encounters_legacy_meditech.csv,LEGACY_MEDITECH,PRIMARY_DX_IN_REFERENCE,REFERENTIAL_INTEGRITY,CLEAN,VERSION,WARNING,336,1,,0.30,,WARN,DX_NOT_IN_REFERENCE
batch_001,ACCEPTED,FILE,encounters_legacy_meditech.csv,LEGACY_MEDITECH,PRIMARY_DX_VALID,VALIDITY,CLEAN,VERSION,WARNING,336,1,,0.30,,WARN,DX_UNPARSEABLE
batch_001,ACCEPTED,FILE,encounters_legacy_meditech.csv,LEGACY_MEDITECH,PROVIDER_ON_ROSTER_AT_ADMIT,REFERENTIAL_INTEGRITY,MART,VERSION,WARNING,336,0,,0.00,,PASS,
batch_001,ACCEPTED,FILE,encounters_legacy_meditech.csv,LEGACY_MEDITECH,RECON_CURRENT_ROWS,RECONCILIATION,MART,VERSION,INFO,336,310,,92.26,,PASS,
batch_001,ACCEPTED,FILE,encounters_legacy_meditech.csv,LEGACY_MEDITECH,RECON_DQ_PARTITION,RECONCILIATION,CLEAN,VERSION,ERROR,336,336,336,,,PASS,
batch_001,ACCEPTED,FILE,encounters_legacy_meditech.csv,LEGACY_MEDITECH,RECON_FACT_VERSION_ROWS,RECONCILIATION,MART,VERSION,ERROR,336,336,336,,,PASS,
batch_001,ACCEPTED,FILE,encounters_legacy_meditech.csv,LEGACY_MEDITECH,RECON_HISTORY_ROWS,RECONCILIATION,CLEAN,VERSION,ERROR,336,336,336,,,PASS,
batch_001,ACCEPTED,FILE,encounters_legacy_meditech.csv,LEGACY_MEDITECH,RECON_PATIENT_ROWS,RECONCILIATION,CLEAN,ROW,ERROR,341,341,341,,,PASS,
batch_001,ACCEPTED,FILE,encounters_legacy_meditech.csv,LEGACY_MEDITECH,RECON_QUARANTINE_ROWS,RECONCILIATION,CLEAN,ROW,ERROR,341,3,3,,,PASS,
batch_001,ACCEPTED,FILE,encounters_legacy_meditech.csv,LEGACY_MEDITECH,RECON_RAW_ROWS,RECONCILIATION,RAW,ROW,ERROR,341,341,341,,,PASS,
batch_001,ACCEPTED,FILE,encounters_legacy_meditech.csv,LEGACY_MEDITECH,RECON_ROW_OUTCOMES,RECONCILIATION,CLEAN,ROW,ERROR,341,341,341,,,PASS,
batch_001,ACCEPTED,FILE,encounters_legacy_meditech.csv,LEGACY_MEDITECH,RECON_VERSION_FIELD_ROWS,RECONCILIATION,CLEAN,VERSION,ERROR,336,336,336,,,PASS,
batch_001,ACCEPTED,FILE,encounters_legacy_meditech.csv,LEGACY_MEDITECH,RECORD_SHAPE_VALID,FILE_VALIDATION,LANDING,FILE,ERROR,1,0,,0.00,,PASS,
batch_001,ACCEPTED,FILE,encounters_legacy_meditech.csv,LEGACY_MEDITECH,ROW_COUNT_MATCH,ROW_COUNT,LANDING,FILE,ERROR,1,341,341,,,PASS,
batch_001,ACCEPTED,FILE,encounters_legacy_meditech.csv,LEGACY_MEDITECH,SCHEMA_CONTRACT_MATCH,SCHEMA,LANDING,FILE,ERROR,1,0,,0.00,,PASS,
batch_001,ACCEPTED,FILE,encounters_legacy_meditech.csv,LEGACY_MEDITECH,SCHEMA_VERSION_CHANGED,SCHEMA,LANDING,FILE,WARNING,1,0,,0.00,,PASS,
batch_001,ACCEPTED,FILE,encounters_legacy_meditech.csv,LEGACY_MEDITECH,SEX_KNOWN,VALIDITY,CLEAN,VERSION,WARNING,336,0,,0.00,,PASS,
batch_001,ACCEPTED,FILE,encounters_legacy_meditech.csv,LEGACY_MEDITECH,SOURCE_RECORD_ID_PRESENT,QUARANTINE,CLEAN,ROW,ERROR,341,0,,0.00,,PASS,
batch_001,ACCEPTED,FILE,encounters_legacy_meditech.csv,LEGACY_MEDITECH,STALE_REPLAY_CONFLICT,DUPLICATE,CLEAN,ROW,WARNING,341,0,,0.00,,PASS,
batch_001,ACCEPTED,FILE,encounters_legacy_meditech.csv,LEGACY_MEDITECH,STALE_ROW,DUPLICATE,CLEAN,ROW,INFO,341,0,,0.00,,PASS,
batch_001,ACCEPTED,FILE,encounters_legacy_meditech.csv,LEGACY_MEDITECH,VALUE_REASON_CONSISTENT,NULL,MART,VERSION,ERROR,336,0,0,,,PASS,
batch_001,ACCEPTED,FILE,encounters_legacy_meditech.csv,LEGACY_MEDITECH,VERSION_CONFLICT_SAME_TS,QUARANTINE,CLEAN,ROW,ERROR,341,0,,0.00,,PASS,
batch_001,ACCEPTED,FILE,encounters_legacy_meditech.csv,LEGACY_MEDITECH,ZIP3_VALID,VALIDITY,CLEAN,VERSION,WARNING,336,0,,0.00,,PASS,
batch_002,ACCEPTED,BATCH,,,MANIFEST_VALID,FILE_VALIDATION,LANDING,BATCH,ERROR,1,0,,0.00,,PASS,
batch_002,ACCEPTED,BATCH,,,PUBLISH_GATE,PUBLISH_GATE,CLEAN,BATCH,ERROR,585,5,,0.85,5.00,PASS,
batch_002,ACCEPTED,FILE,encounters_athena_clinics.csv,ATHENA_CLINICS,ADMIT_DATE_VALID,VALIDITY,CLEAN,VERSION,ERROR,133,0,,0.00,,PASS,
batch_002,ACCEPTED,FILE,encounters_athena_clinics.csv,ATHENA_CLINICS,AGE_BAND_KNOWN,VALIDITY,CLEAN,VERSION,WARNING,133,0,,0.00,,PASS,
batch_002,ACCEPTED,FILE,encounters_athena_clinics.csv,ATHENA_CLINICS,ATTENDING_NPI_IN_ROSTER,REFERENTIAL_INTEGRITY,CLEAN,VERSION,WARNING,133,0,,0.00,,PASS,
batch_002,ACCEPTED,FILE,encounters_athena_clinics.csv,ATHENA_CLINICS,ATTENDING_NPI_VALID,VALIDITY,CLEAN,VERSION,WARNING,133,0,,0.00,,PASS,
batch_002,ACCEPTED,FILE,encounters_athena_clinics.csv,ATHENA_CLINICS,BILLED_AMOUNT_VALID,VALIDITY,CLEAN,VERSION,WARNING,133,0,,0.00,,PASS,
batch_002,ACCEPTED,FILE,encounters_athena_clinics.csv,ATHENA_CLINICS,CLAIM_STATUS_MAPPED,VALIDITY,CLEAN,VERSION,WARNING,133,0,,0.00,,PASS,
batch_002,ACCEPTED,FILE,encounters_athena_clinics.csv,ATHENA_CLINICS,CURRENT_MATCHES_HISTORY,RECONCILIATION,MART,VERSION,ERROR,133,0,0,,,PASS,
batch_002,ACCEPTED,FILE,encounters_athena_clinics.csv,ATHENA_CLINICS,DISCHARGE_DATE_VALID,VALIDITY,CLEAN,VERSION,WARNING,133,53,,39.85,,WARN,DATE_MISSING
batch_002,ACCEPTED,FILE,encounters_athena_clinics.csv,ATHENA_CLINICS,DISCHARGE_NOT_BEFORE_ADMIT,VALIDITY,CLEAN,VERSION,WARNING,133,0,,0.00,,PASS,
batch_002,ACCEPTED,FILE,encounters_athena_clinics.csv,ATHENA_CLINICS,DUPLICATE_FILE,DUPLICATE,LANDING,FILE,WARNING,1,0,,0.00,,PASS,
batch_002,ACCEPTED,FILE,encounters_athena_clinics.csv,ATHENA_CLINICS,DUPLICATE_ROW,DUPLICATE,CLEAN,ROW,INFO,147,14,,9.52,,PASS,DUPLICATE_OF_HELD_VERSION
batch_002,ACCEPTED,FILE,encounters_athena_clinics.csv,ATHENA_CLINICS,ENCOUNTER_TYPE_MAPPED,VALIDITY,CLEAN,VERSION,WARNING,133,0,,0.00,,PASS,
batch_002,ACCEPTED,FILE,encounters_athena_clinics.csv,ATHENA_CLINICS,FACILITY_RESOLVED,VALIDITY,CLEAN,VERSION,ERROR,133,4,,3.01,,FAIL,FACILITY_UNRESOLVED
batch_002,ACCEPTED,FILE,encounters_athena_clinics.csv,ATHENA_CLINICS,FILE_CSV_PARSEABLE,FILE_VALIDATION,LANDING,FILE,ERROR,1,0,,0.00,,PASS,
batch_002,ACCEPTED,FILE,encounters_athena_clinics.csv,ATHENA_CLINICS,FILE_ENCODING_VALID,FILE_VALIDATION,LANDING,FILE,ERROR,1,0,,0.00,,PASS,
batch_002,ACCEPTED,FILE,encounters_athena_clinics.csv,ATHENA_CLINICS,FILE_SHA256_MATCH,FILE_VALIDATION,LANDING,FILE,ERROR,1,0,,0.00,,PASS,
batch_002,ACCEPTED,FILE,encounters_athena_clinics.csv,ATHENA_CLINICS,FK_FACT_DATE,REFERENTIAL_INTEGRITY,MART,VERSION,ERROR,133,0,0,,,PASS,
batch_002,ACCEPTED,FILE,encounters_athena_clinics.csv,ATHENA_CLINICS,FK_FACT_DIAGNOSIS,REFERENTIAL_INTEGRITY,MART,VERSION,ERROR,133,0,0,,,PASS,
batch_002,ACCEPTED,FILE,encounters_athena_clinics.csv,ATHENA_CLINICS,FK_FACT_FACILITY,REFERENTIAL_INTEGRITY,MART,VERSION,ERROR,133,0,0,,,PASS,
batch_002,ACCEPTED,FILE,encounters_athena_clinics.csv,ATHENA_CLINICS,FK_FACT_PATIENT,REFERENTIAL_INTEGRITY,MART,VERSION,ERROR,133,0,0,,,PASS,
batch_002,ACCEPTED,FILE,encounters_athena_clinics.csv,ATHENA_CLINICS,FK_FACT_PAYER,REFERENTIAL_INTEGRITY,MART,VERSION,ERROR,133,0,0,,,PASS,
batch_002,ACCEPTED,FILE,encounters_athena_clinics.csv,ATHENA_CLINICS,FK_FACT_PROVIDER,REFERENTIAL_INTEGRITY,MART,VERSION,ERROR,133,0,0,,,PASS,
batch_002,ACCEPTED,FILE,encounters_athena_clinics.csv,ATHENA_CLINICS,KEY_UNIQUE,DUPLICATE,ALL,VERSION,ERROR,133,0,0,,,PASS,
batch_002,ACCEPTED,FILE,encounters_athena_clinics.csv,ATHENA_CLINICS,LAST_UPDATED_TS_UNAMBIGUOUS,VALIDITY,CLEAN,VERSION,WARNING,133,0,,0.00,,PASS,
batch_002,ACCEPTED,FILE,encounters_athena_clinics.csv,ATHENA_CLINICS,LAST_UPDATED_TS_VALID,QUARANTINE,CLEAN,ROW,ERROR,147,0,,0.00,,PASS,
batch_002,ACCEPTED,FILE,encounters_athena_clinics.csv,ATHENA_CLINICS,PATIENT_KEY_PRESENT,NULL,CLEAN,VERSION,WARNING,133,0,,0.00,,PASS,
batch_002,ACCEPTED,FILE,encounters_athena_clinics.csv,ATHENA_CLINICS,PATIENT_LINKED,VALIDITY,CLEAN,VERSION,WARNING,133,0,,0.00,,PASS,
batch_002,ACCEPTED,FILE,encounters_athena_clinics.csv,ATHENA_CLINICS,PAYER_MAPPED,VALIDITY,CLEAN,VERSION,WARNING,133,1,,0.75,,WARN,PAYER_MISSING
batch_002,ACCEPTED,FILE,encounters_athena_clinics.csv,ATHENA_CLINICS,PRIMARY_DX_IN_REFERENCE,REFERENTIAL_INTEGRITY,CLEAN,VERSION,WARNING,133,0,,0.00,,PASS,
batch_002,ACCEPTED,FILE,encounters_athena_clinics.csv,ATHENA_CLINICS,PRIMARY_DX_VALID,VALIDITY,CLEAN,VERSION,WARNING,133,0,,0.00,,PASS,
batch_002,ACCEPTED,FILE,encounters_athena_clinics.csv,ATHENA_CLINICS,PROVIDER_ON_ROSTER_AT_ADMIT,REFERENTIAL_INTEGRITY,MART,VERSION,WARNING,133,0,,0.00,,PASS,
batch_002,ACCEPTED,FILE,encounters_athena_clinics.csv,ATHENA_CLINICS,RECON_CURRENT_ROWS,RECONCILIATION,MART,VERSION,INFO,133,93,,69.92,,PASS,
batch_002,ACCEPTED,FILE,encounters_athena_clinics.csv,ATHENA_CLINICS,RECON_DQ_PARTITION,RECONCILIATION,CLEAN,VERSION,ERROR,133,133,133,,,PASS,
batch_002,ACCEPTED,FILE,encounters_athena_clinics.csv,ATHENA_CLINICS,RECON_FACT_VERSION_ROWS,RECONCILIATION,MART,VERSION,ERROR,133,133,133,,,PASS,
batch_002,ACCEPTED,FILE,encounters_athena_clinics.csv,ATHENA_CLINICS,RECON_HISTORY_ROWS,RECONCILIATION,CLEAN,VERSION,ERROR,133,133,133,,,PASS,
batch_002,ACCEPTED,FILE,encounters_athena_clinics.csv,ATHENA_CLINICS,RECON_PATIENT_ROWS,RECONCILIATION,CLEAN,ROW,ERROR,147,147,147,,,PASS,
batch_002,ACCEPTED,FILE,encounters_athena_clinics.csv,ATHENA_CLINICS,RECON_QUARANTINE_ROWS,RECONCILIATION,CLEAN,ROW,ERROR,147,4,4,,,PASS,
batch_002,ACCEPTED,FILE,encounters_athena_clinics.csv,ATHENA_CLINICS,RECON_RAW_ROWS,RECONCILIATION,RAW,ROW,ERROR,147,147,147,,,PASS,
batch_002,ACCEPTED,FILE,encounters_athena_clinics.csv,ATHENA_CLINICS,RECON_ROW_OUTCOMES,RECONCILIATION,CLEAN,ROW,ERROR,147,147,147,,,PASS,
batch_002,ACCEPTED,FILE,encounters_athena_clinics.csv,ATHENA_CLINICS,RECON_VERSION_FIELD_ROWS,RECONCILIATION,CLEAN,VERSION,ERROR,133,133,133,,,PASS,
batch_002,ACCEPTED,FILE,encounters_athena_clinics.csv,ATHENA_CLINICS,RECORD_SHAPE_VALID,FILE_VALIDATION,LANDING,FILE,ERROR,1,0,,0.00,,PASS,
batch_002,ACCEPTED,FILE,encounters_athena_clinics.csv,ATHENA_CLINICS,ROW_COUNT_MATCH,ROW_COUNT,LANDING,FILE,ERROR,1,147,147,,,PASS,
batch_002,ACCEPTED,FILE,encounters_athena_clinics.csv,ATHENA_CLINICS,SCHEMA_CONTRACT_MATCH,SCHEMA,LANDING,FILE,ERROR,1,0,,0.00,,PASS,
batch_002,ACCEPTED,FILE,encounters_athena_clinics.csv,ATHENA_CLINICS,SCHEMA_VERSION_CHANGED,SCHEMA,LANDING,FILE,WARNING,1,0,,0.00,,PASS,
batch_002,ACCEPTED,FILE,encounters_athena_clinics.csv,ATHENA_CLINICS,SEX_KNOWN,VALIDITY,CLEAN,VERSION,WARNING,133,0,,0.00,,PASS,
batch_002,ACCEPTED,FILE,encounters_athena_clinics.csv,ATHENA_CLINICS,SOURCE_RECORD_ID_PRESENT,QUARANTINE,CLEAN,ROW,ERROR,147,0,,0.00,,PASS,
batch_002,ACCEPTED,FILE,encounters_athena_clinics.csv,ATHENA_CLINICS,STALE_REPLAY_CONFLICT,DUPLICATE,CLEAN,ROW,WARNING,147,0,,0.00,,PASS,
batch_002,ACCEPTED,FILE,encounters_athena_clinics.csv,ATHENA_CLINICS,STALE_ROW,DUPLICATE,CLEAN,ROW,INFO,147,0,,0.00,,PASS,
batch_002,ACCEPTED,FILE,encounters_athena_clinics.csv,ATHENA_CLINICS,VALUE_REASON_CONSISTENT,NULL,MART,VERSION,ERROR,133,0,0,,,PASS,
batch_002,ACCEPTED,FILE,encounters_athena_clinics.csv,ATHENA_CLINICS,VERSION_CONFLICT_SAME_TS,QUARANTINE,CLEAN,ROW,ERROR,147,0,,0.00,,PASS,
batch_002,ACCEPTED,FILE,encounters_athena_clinics.csv,ATHENA_CLINICS,ZIP3_VALID,VALIDITY,CLEAN,VERSION,WARNING,133,0,,0.00,,PASS,
batch_002,ACCEPTED,FILE,encounters_epic_north.csv,EPIC_NORTH,ADMIT_DATE_VALID,VALIDITY,CLEAN,VERSION,ERROR,154,1,,0.65,,FAIL,DATE_AFTER_DELIVERY
batch_002,ACCEPTED,FILE,encounters_epic_north.csv,EPIC_NORTH,AGE_BAND_KNOWN,VALIDITY,CLEAN,VERSION,WARNING,154,1,,0.65,,WARN,AGE_BAND_DOB_UNAVAILABLE
batch_002,ACCEPTED,FILE,encounters_epic_north.csv,EPIC_NORTH,ATTENDING_NPI_IN_ROSTER,REFERENTIAL_INTEGRITY,CLEAN,VERSION,WARNING,154,0,,0.00,,PASS,
batch_002,ACCEPTED,FILE,encounters_epic_north.csv,EPIC_NORTH,ATTENDING_NPI_VALID,VALIDITY,CLEAN,VERSION,WARNING,154,0,,0.00,,PASS,
batch_002,ACCEPTED,FILE,encounters_epic_north.csv,EPIC_NORTH,BILLED_AMOUNT_VALID,VALIDITY,CLEAN,VERSION,WARNING,154,1,,0.65,,WARN,AMOUNT_MISSING
batch_002,ACCEPTED,FILE,encounters_epic_north.csv,EPIC_NORTH,CLAIM_STATUS_MAPPED,VALIDITY,CLEAN,VERSION,WARNING,154,0,,0.00,,PASS,
batch_002,ACCEPTED,FILE,encounters_epic_north.csv,EPIC_NORTH,CURRENT_MATCHES_HISTORY,RECONCILIATION,MART,VERSION,ERROR,154,0,0,,,PASS,
batch_002,ACCEPTED,FILE,encounters_epic_north.csv,EPIC_NORTH,DISCHARGE_DATE_VALID,VALIDITY,CLEAN,VERSION,WARNING,154,25,,16.23,,WARN,DATE_MISSING
batch_002,ACCEPTED,FILE,encounters_epic_north.csv,EPIC_NORTH,DISCHARGE_NOT_BEFORE_ADMIT,VALIDITY,CLEAN,VERSION,WARNING,154,0,,0.00,,PASS,
batch_002,ACCEPTED,FILE,encounters_epic_north.csv,EPIC_NORTH,DUPLICATE_FILE,DUPLICATE,LANDING,FILE,WARNING,1,0,,0.00,,PASS,
batch_002,ACCEPTED,FILE,encounters_epic_north.csv,EPIC_NORTH,DUPLICATE_ROW,DUPLICATE,CLEAN,ROW,INFO,174,20,,11.49,,PASS,DUPLICATE_OF_HELD_VERSION
batch_002,ACCEPTED,FILE,encounters_epic_north.csv,EPIC_NORTH,ENCOUNTER_TYPE_MAPPED,VALIDITY,CLEAN,VERSION,WARNING,154,1,,0.65,,WARN,ENCOUNTER_TYPE_MISSING
batch_002,ACCEPTED,FILE,encounters_epic_north.csv,EPIC_NORTH,FACILITY_RESOLVED,VALIDITY,CLEAN,VERSION,ERROR,154,0,,0.00,,PASS,
batch_002,ACCEPTED,FILE,encounters_epic_north.csv,EPIC_NORTH,FILE_CSV_PARSEABLE,FILE_VALIDATION,LANDING,FILE,ERROR,1,0,,0.00,,PASS,
batch_002,ACCEPTED,FILE,encounters_epic_north.csv,EPIC_NORTH,FILE_ENCODING_VALID,FILE_VALIDATION,LANDING,FILE,ERROR,1,0,,0.00,,PASS,
batch_002,ACCEPTED,FILE,encounters_epic_north.csv,EPIC_NORTH,FILE_SHA256_MATCH,FILE_VALIDATION,LANDING,FILE,ERROR,1,0,,0.00,,PASS,
batch_002,ACCEPTED,FILE,encounters_epic_north.csv,EPIC_NORTH,FK_FACT_DATE,REFERENTIAL_INTEGRITY,MART,VERSION,ERROR,154,0,0,,,PASS,
batch_002,ACCEPTED,FILE,encounters_epic_north.csv,EPIC_NORTH,FK_FACT_DIAGNOSIS,REFERENTIAL_INTEGRITY,MART,VERSION,ERROR,154,0,0,,,PASS,
batch_002,ACCEPTED,FILE,encounters_epic_north.csv,EPIC_NORTH,FK_FACT_FACILITY,REFERENTIAL_INTEGRITY,MART,VERSION,ERROR,154,0,0,,,PASS,
batch_002,ACCEPTED,FILE,encounters_epic_north.csv,EPIC_NORTH,FK_FACT_PATIENT,REFERENTIAL_INTEGRITY,MART,VERSION,ERROR,154,0,0,,,PASS,
batch_002,ACCEPTED,FILE,encounters_epic_north.csv,EPIC_NORTH,FK_FACT_PAYER,REFERENTIAL_INTEGRITY,MART,VERSION,ERROR,154,0,0,,,PASS,
batch_002,ACCEPTED,FILE,encounters_epic_north.csv,EPIC_NORTH,FK_FACT_PROVIDER,REFERENTIAL_INTEGRITY,MART,VERSION,ERROR,154,0,0,,,PASS,
batch_002,ACCEPTED,FILE,encounters_epic_north.csv,EPIC_NORTH,KEY_UNIQUE,DUPLICATE,ALL,VERSION,ERROR,154,0,0,,,PASS,
batch_002,ACCEPTED,FILE,encounters_epic_north.csv,EPIC_NORTH,LAST_UPDATED_TS_UNAMBIGUOUS,VALIDITY,CLEAN,VERSION,WARNING,154,0,,0.00,,PASS,
batch_002,ACCEPTED,FILE,encounters_epic_north.csv,EPIC_NORTH,LAST_UPDATED_TS_VALID,QUARANTINE,CLEAN,ROW,ERROR,174,0,,0.00,,PASS,
batch_002,ACCEPTED,FILE,encounters_epic_north.csv,EPIC_NORTH,PATIENT_KEY_PRESENT,NULL,CLEAN,VERSION,WARNING,154,0,,0.00,,PASS,
batch_002,ACCEPTED,FILE,encounters_epic_north.csv,EPIC_NORTH,PATIENT_LINKED,VALIDITY,CLEAN,VERSION,WARNING,154,1,,0.65,,WARN,PATIENT_UNLINKED_NO_DOB
batch_002,ACCEPTED,FILE,encounters_epic_north.csv,EPIC_NORTH,PAYER_MAPPED,VALIDITY,CLEAN,VERSION,WARNING,154,0,,0.00,,PASS,
batch_002,ACCEPTED,FILE,encounters_epic_north.csv,EPIC_NORTH,PRIMARY_DX_IN_REFERENCE,REFERENTIAL_INTEGRITY,CLEAN,VERSION,WARNING,154,1,,0.65,,WARN,DX_NOT_IN_REFERENCE
batch_002,ACCEPTED,FILE,encounters_epic_north.csv,EPIC_NORTH,PRIMARY_DX_VALID,VALIDITY,CLEAN,VERSION,WARNING,154,0,,0.00,,PASS,
batch_002,ACCEPTED,FILE,encounters_epic_north.csv,EPIC_NORTH,PROVIDER_ON_ROSTER_AT_ADMIT,REFERENTIAL_INTEGRITY,MART,VERSION,WARNING,154,0,,0.00,,PASS,
batch_002,ACCEPTED,FILE,encounters_epic_north.csv,EPIC_NORTH,RECON_CURRENT_ROWS,RECONCILIATION,MART,VERSION,INFO,154,119,,77.27,,PASS,
batch_002,ACCEPTED,FILE,encounters_epic_north.csv,EPIC_NORTH,RECON_DQ_PARTITION,RECONCILIATION,CLEAN,VERSION,ERROR,154,154,154,,,PASS,
batch_002,ACCEPTED,FILE,encounters_epic_north.csv,EPIC_NORTH,RECON_FACT_VERSION_ROWS,RECONCILIATION,MART,VERSION,ERROR,154,154,154,,,PASS,
batch_002,ACCEPTED,FILE,encounters_epic_north.csv,EPIC_NORTH,RECON_HISTORY_ROWS,RECONCILIATION,CLEAN,VERSION,ERROR,154,154,154,,,PASS,
batch_002,ACCEPTED,FILE,encounters_epic_north.csv,EPIC_NORTH,RECON_PATIENT_ROWS,RECONCILIATION,CLEAN,ROW,ERROR,174,174,174,,,PASS,
batch_002,ACCEPTED,FILE,encounters_epic_north.csv,EPIC_NORTH,RECON_QUARANTINE_ROWS,RECONCILIATION,CLEAN,ROW,ERROR,174,1,1,,,PASS,
batch_002,ACCEPTED,FILE,encounters_epic_north.csv,EPIC_NORTH,RECON_RAW_ROWS,RECONCILIATION,RAW,ROW,ERROR,174,174,174,,,PASS,
batch_002,ACCEPTED,FILE,encounters_epic_north.csv,EPIC_NORTH,RECON_ROW_OUTCOMES,RECONCILIATION,CLEAN,ROW,ERROR,174,174,174,,,PASS,
batch_002,ACCEPTED,FILE,encounters_epic_north.csv,EPIC_NORTH,RECON_VERSION_FIELD_ROWS,RECONCILIATION,CLEAN,VERSION,ERROR,154,154,154,,,PASS,
batch_002,ACCEPTED,FILE,encounters_epic_north.csv,EPIC_NORTH,RECORD_SHAPE_VALID,FILE_VALIDATION,LANDING,FILE,ERROR,1,0,,0.00,,PASS,
batch_002,ACCEPTED,FILE,encounters_epic_north.csv,EPIC_NORTH,ROW_COUNT_MATCH,ROW_COUNT,LANDING,FILE,ERROR,1,174,174,,,PASS,
batch_002,ACCEPTED,FILE,encounters_epic_north.csv,EPIC_NORTH,SCHEMA_CONTRACT_MATCH,SCHEMA,LANDING,FILE,ERROR,1,0,,0.00,,PASS,
batch_002,ACCEPTED,FILE,encounters_epic_north.csv,EPIC_NORTH,SCHEMA_VERSION_CHANGED,SCHEMA,LANDING,FILE,WARNING,1,0,,0.00,,PASS,
batch_002,ACCEPTED,FILE,encounters_epic_north.csv,EPIC_NORTH,SEX_KNOWN,VALIDITY,CLEAN,VERSION,WARNING,154,0,,0.00,,PASS,
batch_002,ACCEPTED,FILE,encounters_epic_north.csv,EPIC_NORTH,SOURCE_RECORD_ID_PRESENT,QUARANTINE,CLEAN,ROW,ERROR,174,0,,0.00,,PASS,
batch_002,ACCEPTED,FILE,encounters_epic_north.csv,EPIC_NORTH,STALE_REPLAY_CONFLICT,DUPLICATE,CLEAN,ROW,WARNING,174,0,,0.00,,PASS,
batch_002,ACCEPTED,FILE,encounters_epic_north.csv,EPIC_NORTH,STALE_ROW,DUPLICATE,CLEAN,ROW,INFO,174,0,,0.00,,PASS,
batch_002,ACCEPTED,FILE,encounters_epic_north.csv,EPIC_NORTH,VALUE_REASON_CONSISTENT,NULL,MART,VERSION,ERROR,154,0,0,,,PASS,
batch_002,ACCEPTED,FILE,encounters_epic_north.csv,EPIC_NORTH,VERSION_CONFLICT_SAME_TS,QUARANTINE,CLEAN,ROW,ERROR,174,0,,0.00,,PASS,
batch_002,ACCEPTED,FILE,encounters_epic_north.csv,EPIC_NORTH,ZIP3_VALID,VALIDITY,CLEAN,VERSION,WARNING,154,0,,0.00,,PASS,
batch_002,ACCEPTED,FILE,encounters_legacy_meditech.csv,LEGACY_MEDITECH,ADMIT_DATE_VALID,VALIDITY,CLEAN,VERSION,ERROR,258,0,,0.00,,PASS,
batch_002,ACCEPTED,FILE,encounters_legacy_meditech.csv,LEGACY_MEDITECH,AGE_BAND_KNOWN,VALIDITY,CLEAN,VERSION,WARNING,258,2,,0.78,,WARN,AGE_BAND_DOB_UNAVAILABLE
batch_002,ACCEPTED,FILE,encounters_legacy_meditech.csv,LEGACY_MEDITECH,ATTENDING_NPI_IN_ROSTER,REFERENTIAL_INTEGRITY,CLEAN,VERSION,WARNING,258,2,,0.78,,WARN,NPI_NOT_IN_ROSTER
batch_002,ACCEPTED,FILE,encounters_legacy_meditech.csv,LEGACY_MEDITECH,ATTENDING_NPI_VALID,VALIDITY,CLEAN,VERSION,WARNING,258,1,,0.39,,WARN,NPI_CHECKSUM_FAILED
batch_002,ACCEPTED,FILE,encounters_legacy_meditech.csv,LEGACY_MEDITECH,BILLED_AMOUNT_VALID,VALIDITY,CLEAN,VERSION,WARNING,258,4,,1.55,,WARN,AMOUNT_PLACEHOLDER|AMOUNT_SPREADSHEET_ERROR|AMOUNT_UNPARSEABLE
batch_002,ACCEPTED,FILE,encounters_legacy_meditech.csv,LEGACY_MEDITECH,CLAIM_STATUS_MAPPED,VALIDITY,CLEAN,VERSION,WARNING,258,0,,0.00,,PASS,
batch_002,ACCEPTED,FILE,encounters_legacy_meditech.csv,LEGACY_MEDITECH,CURRENT_MATCHES_HISTORY,RECONCILIATION,MART,VERSION,ERROR,258,0,0,,,PASS,
batch_002,ACCEPTED,FILE,encounters_legacy_meditech.csv,LEGACY_MEDITECH,DISCHARGE_DATE_VALID,VALIDITY,CLEAN,VERSION,WARNING,258,18,,6.98,,WARN,DATE_MISSING
batch_002,ACCEPTED,FILE,encounters_legacy_meditech.csv,LEGACY_MEDITECH,DISCHARGE_NOT_BEFORE_ADMIT,VALIDITY,CLEAN,VERSION,WARNING,258,0,,0.00,,PASS,
batch_002,ACCEPTED,FILE,encounters_legacy_meditech.csv,LEGACY_MEDITECH,DUPLICATE_FILE,DUPLICATE,LANDING,FILE,WARNING,1,0,,0.00,,PASS,
batch_002,ACCEPTED,FILE,encounters_legacy_meditech.csv,LEGACY_MEDITECH,DUPLICATE_ROW,DUPLICATE,CLEAN,ROW,INFO,264,6,,2.27,,PASS,DUPLICATE_OF_HELD_VERSION
batch_002,ACCEPTED,FILE,encounters_legacy_meditech.csv,LEGACY_MEDITECH,ENCOUNTER_TYPE_MAPPED,VALIDITY,CLEAN,VERSION,WARNING,258,0,,0.00,,PASS,
batch_002,ACCEPTED,FILE,encounters_legacy_meditech.csv,LEGACY_MEDITECH,FACILITY_RESOLVED,VALIDITY,CLEAN,VERSION,ERROR,258,0,,0.00,,PASS,
batch_002,ACCEPTED,FILE,encounters_legacy_meditech.csv,LEGACY_MEDITECH,FILE_CSV_PARSEABLE,FILE_VALIDATION,LANDING,FILE,ERROR,1,0,,0.00,,PASS,
batch_002,ACCEPTED,FILE,encounters_legacy_meditech.csv,LEGACY_MEDITECH,FILE_ENCODING_VALID,FILE_VALIDATION,LANDING,FILE,ERROR,1,0,,0.00,,PASS,
batch_002,ACCEPTED,FILE,encounters_legacy_meditech.csv,LEGACY_MEDITECH,FILE_SHA256_MATCH,FILE_VALIDATION,LANDING,FILE,ERROR,1,0,,0.00,,PASS,
batch_002,ACCEPTED,FILE,encounters_legacy_meditech.csv,LEGACY_MEDITECH,FK_FACT_DATE,REFERENTIAL_INTEGRITY,MART,VERSION,ERROR,258,0,0,,,PASS,
batch_002,ACCEPTED,FILE,encounters_legacy_meditech.csv,LEGACY_MEDITECH,FK_FACT_DIAGNOSIS,REFERENTIAL_INTEGRITY,MART,VERSION,ERROR,258,0,0,,,PASS,
batch_002,ACCEPTED,FILE,encounters_legacy_meditech.csv,LEGACY_MEDITECH,FK_FACT_FACILITY,REFERENTIAL_INTEGRITY,MART,VERSION,ERROR,258,0,0,,,PASS,
batch_002,ACCEPTED,FILE,encounters_legacy_meditech.csv,LEGACY_MEDITECH,FK_FACT_PATIENT,REFERENTIAL_INTEGRITY,MART,VERSION,ERROR,258,0,0,,,PASS,
batch_002,ACCEPTED,FILE,encounters_legacy_meditech.csv,LEGACY_MEDITECH,FK_FACT_PAYER,REFERENTIAL_INTEGRITY,MART,VERSION,ERROR,258,0,0,,,PASS,
batch_002,ACCEPTED,FILE,encounters_legacy_meditech.csv,LEGACY_MEDITECH,FK_FACT_PROVIDER,REFERENTIAL_INTEGRITY,MART,VERSION,ERROR,258,0,0,,,PASS,
batch_002,ACCEPTED,FILE,encounters_legacy_meditech.csv,LEGACY_MEDITECH,KEY_UNIQUE,DUPLICATE,ALL,VERSION,ERROR,258,0,0,,,PASS,
batch_002,ACCEPTED,FILE,encounters_legacy_meditech.csv,LEGACY_MEDITECH,LAST_UPDATED_TS_UNAMBIGUOUS,VALIDITY,CLEAN,VERSION,WARNING,258,0,,0.00,,PASS,
batch_002,ACCEPTED,FILE,encounters_legacy_meditech.csv,LEGACY_MEDITECH,LAST_UPDATED_TS_VALID,QUARANTINE,CLEAN,ROW,ERROR,264,0,,0.00,,PASS,
batch_002,ACCEPTED,FILE,encounters_legacy_meditech.csv,LEGACY_MEDITECH,PATIENT_KEY_PRESENT,NULL,CLEAN,VERSION,WARNING,258,0,,0.00,,PASS,
batch_002,ACCEPTED,FILE,encounters_legacy_meditech.csv,LEGACY_MEDITECH,PATIENT_LINKED,VALIDITY,CLEAN,VERSION,WARNING,258,2,,0.78,,WARN,PATIENT_UNLINKED_NO_DOB
batch_002,ACCEPTED,FILE,encounters_legacy_meditech.csv,LEGACY_MEDITECH,PAYER_MAPPED,VALIDITY,CLEAN,VERSION,WARNING,258,3,,1.16,,WARN,PAYER_MISSING
batch_002,ACCEPTED,FILE,encounters_legacy_meditech.csv,LEGACY_MEDITECH,PRIMARY_DX_IN_REFERENCE,REFERENTIAL_INTEGRITY,CLEAN,VERSION,WARNING,258,0,,0.00,,PASS,
batch_002,ACCEPTED,FILE,encounters_legacy_meditech.csv,LEGACY_MEDITECH,PRIMARY_DX_VALID,VALIDITY,CLEAN,VERSION,WARNING,258,15,,5.81,,WARN,DX_ICD9|DX_UNPARSEABLE
batch_002,ACCEPTED,FILE,encounters_legacy_meditech.csv,LEGACY_MEDITECH,PROVIDER_ON_ROSTER_AT_ADMIT,REFERENTIAL_INTEGRITY,MART,VERSION,WARNING,258,0,,0.00,,PASS,
batch_002,ACCEPTED,FILE,encounters_legacy_meditech.csv,LEGACY_MEDITECH,RECON_CURRENT_ROWS,RECONCILIATION,MART,VERSION,INFO,258,249,,96.51,,PASS,
batch_002,ACCEPTED,FILE,encounters_legacy_meditech.csv,LEGACY_MEDITECH,RECON_DQ_PARTITION,RECONCILIATION,CLEAN,VERSION,ERROR,258,258,258,,,PASS,
batch_002,ACCEPTED,FILE,encounters_legacy_meditech.csv,LEGACY_MEDITECH,RECON_FACT_VERSION_ROWS,RECONCILIATION,MART,VERSION,ERROR,258,258,258,,,PASS,
batch_002,ACCEPTED,FILE,encounters_legacy_meditech.csv,LEGACY_MEDITECH,RECON_HISTORY_ROWS,RECONCILIATION,CLEAN,VERSION,ERROR,258,258,258,,,PASS,
batch_002,ACCEPTED,FILE,encounters_legacy_meditech.csv,LEGACY_MEDITECH,RECON_PATIENT_ROWS,RECONCILIATION,CLEAN,ROW,ERROR,264,264,264,,,PASS,
batch_002,ACCEPTED,FILE,encounters_legacy_meditech.csv,LEGACY_MEDITECH,RECON_QUARANTINE_ROWS,RECONCILIATION,CLEAN,ROW,ERROR,264,0,0,,,PASS,
batch_002,ACCEPTED,FILE,encounters_legacy_meditech.csv,LEGACY_MEDITECH,RECON_RAW_ROWS,RECONCILIATION,RAW,ROW,ERROR,264,264,264,,,PASS,
batch_002,ACCEPTED,FILE,encounters_legacy_meditech.csv,LEGACY_MEDITECH,RECON_ROW_OUTCOMES,RECONCILIATION,CLEAN,ROW,ERROR,264,264,264,,,PASS,
batch_002,ACCEPTED,FILE,encounters_legacy_meditech.csv,LEGACY_MEDITECH,RECON_VERSION_FIELD_ROWS,RECONCILIATION,CLEAN,VERSION,ERROR,258,258,258,,,PASS,
batch_002,ACCEPTED,FILE,encounters_legacy_meditech.csv,LEGACY_MEDITECH,RECORD_SHAPE_VALID,FILE_VALIDATION,LANDING,FILE,ERROR,1,0,,0.00,,PASS,
batch_002,ACCEPTED,FILE,encounters_legacy_meditech.csv,LEGACY_MEDITECH,ROW_COUNT_MATCH,ROW_COUNT,LANDING,FILE,ERROR,1,264,264,,,PASS,
batch_002,ACCEPTED,FILE,encounters_legacy_meditech.csv,LEGACY_MEDITECH,SCHEMA_CONTRACT_MATCH,SCHEMA,LANDING,FILE,ERROR,1,0,,0.00,,PASS,
batch_002,ACCEPTED,FILE,encounters_legacy_meditech.csv,LEGACY_MEDITECH,SCHEMA_VERSION_CHANGED,SCHEMA,LANDING,FILE,WARNING,1,0,,0.00,,PASS,
batch_002,ACCEPTED,FILE,encounters_legacy_meditech.csv,LEGACY_MEDITECH,SEX_KNOWN,VALIDITY,CLEAN,VERSION,WARNING,258,0,,0.00,,PASS,
batch_002,ACCEPTED,FILE,encounters_legacy_meditech.csv,LEGACY_MEDITECH,SOURCE_RECORD_ID_PRESENT,QUARANTINE,CLEAN,ROW,ERROR,264,0,,0.00,,PASS,
batch_002,ACCEPTED,FILE,encounters_legacy_meditech.csv,LEGACY_MEDITECH,STALE_REPLAY_CONFLICT,DUPLICATE,CLEAN,ROW,WARNING,264,0,,0.00,,PASS,
batch_002,ACCEPTED,FILE,encounters_legacy_meditech.csv,LEGACY_MEDITECH,STALE_ROW,DUPLICATE,CLEAN,ROW,INFO,264,0,,0.00,,PASS,
batch_002,ACCEPTED,FILE,encounters_legacy_meditech.csv,LEGACY_MEDITECH,VALUE_REASON_CONSISTENT,NULL,MART,VERSION,ERROR,258,0,0,,,PASS,
batch_002,ACCEPTED,FILE,encounters_legacy_meditech.csv,LEGACY_MEDITECH,VERSION_CONFLICT_SAME_TS,QUARANTINE,CLEAN,ROW,ERROR,264,0,,0.00,,PASS,
batch_002,ACCEPTED,FILE,encounters_legacy_meditech.csv,LEGACY_MEDITECH,ZIP3_VALID,VALIDITY,CLEAN,VERSION,WARNING,258,0,,0.00,,PASS,
batch_003,ACCEPTED,BATCH,,,MANIFEST_VALID,FILE_VALIDATION,LANDING,BATCH,ERROR,1,0,,0.00,,PASS,
batch_003,ACCEPTED,BATCH,,,PUBLISH_GATE,PUBLISH_GATE,CLEAN,BATCH,ERROR,188,1,,0.53,5.00,PASS,
batch_003,ACCEPTED,FILE,encounters_athena_clinics.csv,ATHENA_CLINICS,ADMIT_DATE_VALID,VALIDITY,CLEAN,VERSION,ERROR,65,0,,0.00,,PASS,
batch_003,ACCEPTED,FILE,encounters_athena_clinics.csv,ATHENA_CLINICS,AGE_BAND_KNOWN,VALIDITY,CLEAN,VERSION,WARNING,65,1,,1.54,,WARN,AGE_BAND_DOB_UNAVAILABLE
batch_003,ACCEPTED,FILE,encounters_athena_clinics.csv,ATHENA_CLINICS,ATTENDING_NPI_IN_ROSTER,REFERENTIAL_INTEGRITY,CLEAN,VERSION,WARNING,65,0,,0.00,,PASS,
batch_003,ACCEPTED,FILE,encounters_athena_clinics.csv,ATHENA_CLINICS,ATTENDING_NPI_VALID,VALIDITY,CLEAN,VERSION,WARNING,65,0,,0.00,,PASS,
batch_003,ACCEPTED,FILE,encounters_athena_clinics.csv,ATHENA_CLINICS,BILLED_AMOUNT_VALID,VALIDITY,CLEAN,VERSION,WARNING,65,0,,0.00,,PASS,
batch_003,ACCEPTED,FILE,encounters_athena_clinics.csv,ATHENA_CLINICS,CLAIM_STATUS_MAPPED,VALIDITY,CLEAN,VERSION,WARNING,65,0,,0.00,,PASS,
batch_003,ACCEPTED,FILE,encounters_athena_clinics.csv,ATHENA_CLINICS,CURRENT_MATCHES_HISTORY,RECONCILIATION,MART,VERSION,ERROR,65,0,0,,,PASS,
batch_003,ACCEPTED,FILE,encounters_athena_clinics.csv,ATHENA_CLINICS,DISCHARGE_DATE_VALID,VALIDITY,CLEAN,VERSION,WARNING,65,28,,43.08,,WARN,DATE_MISSING
batch_003,ACCEPTED,FILE,encounters_athena_clinics.csv,ATHENA_CLINICS,DISCHARGE_NOT_BEFORE_ADMIT,VALIDITY,CLEAN,VERSION,WARNING,65,0,,0.00,,PASS,
batch_003,ACCEPTED,FILE,encounters_athena_clinics.csv,ATHENA_CLINICS,DUPLICATE_FILE,DUPLICATE,LANDING,FILE,WARNING,1,0,,0.00,,PASS,
batch_003,ACCEPTED,FILE,encounters_athena_clinics.csv,ATHENA_CLINICS,DUPLICATE_ROW,DUPLICATE,CLEAN,ROW,INFO,74,0,,0.00,,PASS,
batch_003,ACCEPTED,FILE,encounters_athena_clinics.csv,ATHENA_CLINICS,ENCOUNTER_TYPE_MAPPED,VALIDITY,CLEAN,VERSION,WARNING,65,0,,0.00,,PASS,
batch_003,ACCEPTED,FILE,encounters_athena_clinics.csv,ATHENA_CLINICS,FACILITY_RESOLVED,VALIDITY,CLEAN,VERSION,ERROR,65,1,,1.54,,FAIL,FACILITY_UNRESOLVED
batch_003,ACCEPTED,FILE,encounters_athena_clinics.csv,ATHENA_CLINICS,FILE_CSV_PARSEABLE,FILE_VALIDATION,LANDING,FILE,ERROR,1,0,,0.00,,PASS,
batch_003,ACCEPTED,FILE,encounters_athena_clinics.csv,ATHENA_CLINICS,FILE_ENCODING_VALID,FILE_VALIDATION,LANDING,FILE,ERROR,1,0,,0.00,,PASS,
batch_003,ACCEPTED,FILE,encounters_athena_clinics.csv,ATHENA_CLINICS,FILE_SHA256_MATCH,FILE_VALIDATION,LANDING,FILE,ERROR,1,0,,0.00,,PASS,
batch_003,ACCEPTED,FILE,encounters_athena_clinics.csv,ATHENA_CLINICS,FK_FACT_DATE,REFERENTIAL_INTEGRITY,MART,VERSION,ERROR,65,0,0,,,PASS,
batch_003,ACCEPTED,FILE,encounters_athena_clinics.csv,ATHENA_CLINICS,FK_FACT_DIAGNOSIS,REFERENTIAL_INTEGRITY,MART,VERSION,ERROR,65,0,0,,,PASS,
batch_003,ACCEPTED,FILE,encounters_athena_clinics.csv,ATHENA_CLINICS,FK_FACT_FACILITY,REFERENTIAL_INTEGRITY,MART,VERSION,ERROR,65,0,0,,,PASS,
batch_003,ACCEPTED,FILE,encounters_athena_clinics.csv,ATHENA_CLINICS,FK_FACT_PATIENT,REFERENTIAL_INTEGRITY,MART,VERSION,ERROR,65,0,0,,,PASS,
batch_003,ACCEPTED,FILE,encounters_athena_clinics.csv,ATHENA_CLINICS,FK_FACT_PAYER,REFERENTIAL_INTEGRITY,MART,VERSION,ERROR,65,0,0,,,PASS,
batch_003,ACCEPTED,FILE,encounters_athena_clinics.csv,ATHENA_CLINICS,FK_FACT_PROVIDER,REFERENTIAL_INTEGRITY,MART,VERSION,ERROR,65,0,0,,,PASS,
batch_003,ACCEPTED,FILE,encounters_athena_clinics.csv,ATHENA_CLINICS,KEY_UNIQUE,DUPLICATE,ALL,VERSION,ERROR,65,0,0,,,PASS,
batch_003,ACCEPTED,FILE,encounters_athena_clinics.csv,ATHENA_CLINICS,LAST_UPDATED_TS_UNAMBIGUOUS,VALIDITY,CLEAN,VERSION,WARNING,65,0,,0.00,,PASS,
batch_003,ACCEPTED,FILE,encounters_athena_clinics.csv,ATHENA_CLINICS,LAST_UPDATED_TS_VALID,QUARANTINE,CLEAN,ROW,ERROR,74,0,,0.00,,PASS,
batch_003,ACCEPTED,FILE,encounters_athena_clinics.csv,ATHENA_CLINICS,PATIENT_KEY_PRESENT,NULL,CLEAN,VERSION,WARNING,65,0,,0.00,,PASS,
batch_003,ACCEPTED,FILE,encounters_athena_clinics.csv,ATHENA_CLINICS,PATIENT_LINKED,VALIDITY,CLEAN,VERSION,WARNING,65,1,,1.54,,WARN,PATIENT_UNLINKED_NO_DOB
batch_003,ACCEPTED,FILE,encounters_athena_clinics.csv,ATHENA_CLINICS,PAYER_MAPPED,VALIDITY,CLEAN,VERSION,WARNING,65,0,,0.00,,PASS,
batch_003,ACCEPTED,FILE,encounters_athena_clinics.csv,ATHENA_CLINICS,PRIMARY_DX_IN_REFERENCE,REFERENTIAL_INTEGRITY,CLEAN,VERSION,WARNING,65,0,,0.00,,PASS,
batch_003,ACCEPTED,FILE,encounters_athena_clinics.csv,ATHENA_CLINICS,PRIMARY_DX_VALID,VALIDITY,CLEAN,VERSION,WARNING,65,0,,0.00,,PASS,
batch_003,ACCEPTED,FILE,encounters_athena_clinics.csv,ATHENA_CLINICS,PROVIDER_ON_ROSTER_AT_ADMIT,REFERENTIAL_INTEGRITY,MART,VERSION,WARNING,65,0,,0.00,,PASS,
batch_003,ACCEPTED,FILE,encounters_athena_clinics.csv,ATHENA_CLINICS,RECON_CURRENT_ROWS,RECONCILIATION,MART,VERSION,INFO,65,65,,100.00,,PASS,
batch_003,ACCEPTED,FILE,encounters_athena_clinics.csv,ATHENA_CLINICS,RECON_DQ_PARTITION,RECONCILIATION,CLEAN,VERSION,ERROR,65,65,65,,,PASS,
batch_003,ACCEPTED,FILE,encounters_athena_clinics.csv,ATHENA_CLINICS,RECON_FACT_VERSION_ROWS,RECONCILIATION,MART,VERSION,ERROR,65,65,65,,,PASS,
batch_003,ACCEPTED,FILE,encounters_athena_clinics.csv,ATHENA_CLINICS,RECON_HISTORY_ROWS,RECONCILIATION,CLEAN,VERSION,ERROR,65,65,65,,,PASS,
batch_003,ACCEPTED,FILE,encounters_athena_clinics.csv,ATHENA_CLINICS,RECON_PATIENT_ROWS,RECONCILIATION,CLEAN,ROW,ERROR,74,74,74,,,PASS,
batch_003,ACCEPTED,FILE,encounters_athena_clinics.csv,ATHENA_CLINICS,RECON_QUARANTINE_ROWS,RECONCILIATION,CLEAN,ROW,ERROR,74,1,1,,,PASS,
batch_003,ACCEPTED,FILE,encounters_athena_clinics.csv,ATHENA_CLINICS,RECON_RAW_ROWS,RECONCILIATION,RAW,ROW,ERROR,74,74,74,,,PASS,
batch_003,ACCEPTED,FILE,encounters_athena_clinics.csv,ATHENA_CLINICS,RECON_ROW_OUTCOMES,RECONCILIATION,CLEAN,ROW,ERROR,74,74,74,,,PASS,
batch_003,ACCEPTED,FILE,encounters_athena_clinics.csv,ATHENA_CLINICS,RECON_VERSION_FIELD_ROWS,RECONCILIATION,CLEAN,VERSION,ERROR,65,65,65,,,PASS,
batch_003,ACCEPTED,FILE,encounters_athena_clinics.csv,ATHENA_CLINICS,RECORD_SHAPE_VALID,FILE_VALIDATION,LANDING,FILE,ERROR,1,0,,0.00,,PASS,
batch_003,ACCEPTED,FILE,encounters_athena_clinics.csv,ATHENA_CLINICS,ROW_COUNT_MATCH,ROW_COUNT,LANDING,FILE,ERROR,1,74,74,,,PASS,
batch_003,ACCEPTED,FILE,encounters_athena_clinics.csv,ATHENA_CLINICS,SCHEMA_CONTRACT_MATCH,SCHEMA,LANDING,FILE,ERROR,1,0,,0.00,,PASS,
batch_003,ACCEPTED,FILE,encounters_athena_clinics.csv,ATHENA_CLINICS,SCHEMA_VERSION_CHANGED,SCHEMA,LANDING,FILE,WARNING,1,1,,100.00,,WARN,SCHEMA_VERSION_CHANGED
batch_003,ACCEPTED,FILE,encounters_athena_clinics.csv,ATHENA_CLINICS,SEX_KNOWN,VALIDITY,CLEAN,VERSION,WARNING,65,0,,0.00,,PASS,
batch_003,ACCEPTED,FILE,encounters_athena_clinics.csv,ATHENA_CLINICS,SOURCE_RECORD_ID_PRESENT,QUARANTINE,CLEAN,ROW,ERROR,74,0,,0.00,,PASS,
batch_003,ACCEPTED,FILE,encounters_athena_clinics.csv,ATHENA_CLINICS,STALE_REPLAY_CONFLICT,DUPLICATE,CLEAN,ROW,WARNING,74,0,,0.00,,PASS,
batch_003,ACCEPTED,FILE,encounters_athena_clinics.csv,ATHENA_CLINICS,STALE_ROW,DUPLICATE,CLEAN,ROW,INFO,74,9,,12.16,,PASS,STALE_REPLAY
batch_003,ACCEPTED,FILE,encounters_athena_clinics.csv,ATHENA_CLINICS,VALUE_REASON_CONSISTENT,NULL,MART,VERSION,ERROR,65,0,0,,,PASS,
batch_003,ACCEPTED,FILE,encounters_athena_clinics.csv,ATHENA_CLINICS,VERSION_CONFLICT_SAME_TS,QUARANTINE,CLEAN,ROW,ERROR,74,0,,0.00,,PASS,
batch_003,ACCEPTED,FILE,encounters_athena_clinics.csv,ATHENA_CLINICS,ZIP3_VALID,VALIDITY,CLEAN,VERSION,WARNING,65,0,,0.00,,PASS,
batch_003,ACCEPTED,FILE,encounters_epic_north.csv,EPIC_NORTH,ADMIT_DATE_VALID,VALIDITY,CLEAN,VERSION,ERROR,71,0,,0.00,,PASS,
batch_003,ACCEPTED,FILE,encounters_epic_north.csv,EPIC_NORTH,AGE_BAND_KNOWN,VALIDITY,CLEAN,VERSION,WARNING,71,1,,1.41,,WARN,AGE_BAND_DOB_UNAVAILABLE
batch_003,ACCEPTED,FILE,encounters_epic_north.csv,EPIC_NORTH,ATTENDING_NPI_IN_ROSTER,REFERENTIAL_INTEGRITY,CLEAN,VERSION,WARNING,71,0,,0.00,,PASS,
batch_003,ACCEPTED,FILE,encounters_epic_north.csv,EPIC_NORTH,ATTENDING_NPI_VALID,VALIDITY,CLEAN,VERSION,WARNING,71,1,,1.41,,WARN,NPI_INVALID_FORMAT
batch_003,ACCEPTED,FILE,encounters_epic_north.csv,EPIC_NORTH,BILLED_AMOUNT_VALID,VALIDITY,CLEAN,VERSION,WARNING,71,0,,0.00,,PASS,
batch_003,ACCEPTED,FILE,encounters_epic_north.csv,EPIC_NORTH,CLAIM_STATUS_MAPPED,VALIDITY,CLEAN,VERSION,WARNING,71,0,,0.00,,PASS,
batch_003,ACCEPTED,FILE,encounters_epic_north.csv,EPIC_NORTH,CURRENT_MATCHES_HISTORY,RECONCILIATION,MART,VERSION,ERROR,71,0,0,,,PASS,
batch_003,ACCEPTED,FILE,encounters_epic_north.csv,EPIC_NORTH,DISCHARGE_DATE_VALID,VALIDITY,CLEAN,VERSION,WARNING,71,7,,9.86,,WARN,DATE_MISSING
batch_003,ACCEPTED,FILE,encounters_epic_north.csv,EPIC_NORTH,DISCHARGE_NOT_BEFORE_ADMIT,VALIDITY,CLEAN,VERSION,WARNING,71,0,,0.00,,PASS,
batch_003,ACCEPTED,FILE,encounters_epic_north.csv,EPIC_NORTH,DUPLICATE_FILE,DUPLICATE,LANDING,FILE,WARNING,1,0,,0.00,,PASS,
batch_003,ACCEPTED,FILE,encounters_epic_north.csv,EPIC_NORTH,DUPLICATE_ROW,DUPLICATE,CLEAN,ROW,INFO,83,0,,0.00,,PASS,
batch_003,ACCEPTED,FILE,encounters_epic_north.csv,EPIC_NORTH,ENCOUNTER_TYPE_MAPPED,VALIDITY,CLEAN,VERSION,WARNING,71,0,,0.00,,PASS,
batch_003,ACCEPTED,FILE,encounters_epic_north.csv,EPIC_NORTH,FACILITY_RESOLVED,VALIDITY,CLEAN,VERSION,ERROR,71,0,,0.00,,PASS,
batch_003,ACCEPTED,FILE,encounters_epic_north.csv,EPIC_NORTH,FILE_CSV_PARSEABLE,FILE_VALIDATION,LANDING,FILE,ERROR,1,0,,0.00,,PASS,
batch_003,ACCEPTED,FILE,encounters_epic_north.csv,EPIC_NORTH,FILE_ENCODING_VALID,FILE_VALIDATION,LANDING,FILE,ERROR,1,0,,0.00,,PASS,
batch_003,ACCEPTED,FILE,encounters_epic_north.csv,EPIC_NORTH,FILE_SHA256_MATCH,FILE_VALIDATION,LANDING,FILE,ERROR,1,0,,0.00,,PASS,
batch_003,ACCEPTED,FILE,encounters_epic_north.csv,EPIC_NORTH,FK_FACT_DATE,REFERENTIAL_INTEGRITY,MART,VERSION,ERROR,71,0,0,,,PASS,
batch_003,ACCEPTED,FILE,encounters_epic_north.csv,EPIC_NORTH,FK_FACT_DIAGNOSIS,REFERENTIAL_INTEGRITY,MART,VERSION,ERROR,71,0,0,,,PASS,
batch_003,ACCEPTED,FILE,encounters_epic_north.csv,EPIC_NORTH,FK_FACT_FACILITY,REFERENTIAL_INTEGRITY,MART,VERSION,ERROR,71,0,0,,,PASS,
batch_003,ACCEPTED,FILE,encounters_epic_north.csv,EPIC_NORTH,FK_FACT_PATIENT,REFERENTIAL_INTEGRITY,MART,VERSION,ERROR,71,0,0,,,PASS,
batch_003,ACCEPTED,FILE,encounters_epic_north.csv,EPIC_NORTH,FK_FACT_PAYER,REFERENTIAL_INTEGRITY,MART,VERSION,ERROR,71,0,0,,,PASS,
batch_003,ACCEPTED,FILE,encounters_epic_north.csv,EPIC_NORTH,FK_FACT_PROVIDER,REFERENTIAL_INTEGRITY,MART,VERSION,ERROR,71,0,0,,,PASS,
batch_003,ACCEPTED,FILE,encounters_epic_north.csv,EPIC_NORTH,KEY_UNIQUE,DUPLICATE,ALL,VERSION,ERROR,71,0,0,,,PASS,
batch_003,ACCEPTED,FILE,encounters_epic_north.csv,EPIC_NORTH,LAST_UPDATED_TS_UNAMBIGUOUS,VALIDITY,CLEAN,VERSION,WARNING,71,0,,0.00,,PASS,
batch_003,ACCEPTED,FILE,encounters_epic_north.csv,EPIC_NORTH,LAST_UPDATED_TS_VALID,QUARANTINE,CLEAN,ROW,ERROR,83,0,,0.00,,PASS,
batch_003,ACCEPTED,FILE,encounters_epic_north.csv,EPIC_NORTH,PATIENT_KEY_PRESENT,NULL,CLEAN,VERSION,WARNING,71,0,,0.00,,PASS,
batch_003,ACCEPTED,FILE,encounters_epic_north.csv,EPIC_NORTH,PATIENT_LINKED,VALIDITY,CLEAN,VERSION,WARNING,71,1,,1.41,,WARN,PATIENT_UNLINKED_NO_DOB
batch_003,ACCEPTED,FILE,encounters_epic_north.csv,EPIC_NORTH,PAYER_MAPPED,VALIDITY,CLEAN,VERSION,WARNING,71,0,,0.00,,PASS,
batch_003,ACCEPTED,FILE,encounters_epic_north.csv,EPIC_NORTH,PRIMARY_DX_IN_REFERENCE,REFERENTIAL_INTEGRITY,CLEAN,VERSION,WARNING,71,0,,0.00,,PASS,
batch_003,ACCEPTED,FILE,encounters_epic_north.csv,EPIC_NORTH,PRIMARY_DX_VALID,VALIDITY,CLEAN,VERSION,WARNING,71,0,,0.00,,PASS,
batch_003,ACCEPTED,FILE,encounters_epic_north.csv,EPIC_NORTH,PROVIDER_ON_ROSTER_AT_ADMIT,REFERENTIAL_INTEGRITY,MART,VERSION,WARNING,71,0,,0.00,,PASS,
batch_003,ACCEPTED,FILE,encounters_epic_north.csv,EPIC_NORTH,RECON_CURRENT_ROWS,RECONCILIATION,MART,VERSION,INFO,71,71,,100.00,,PASS,
batch_003,ACCEPTED,FILE,encounters_epic_north.csv,EPIC_NORTH,RECON_DQ_PARTITION,RECONCILIATION,CLEAN,VERSION,ERROR,71,71,71,,,PASS,
batch_003,ACCEPTED,FILE,encounters_epic_north.csv,EPIC_NORTH,RECON_FACT_VERSION_ROWS,RECONCILIATION,MART,VERSION,ERROR,71,71,71,,,PASS,
batch_003,ACCEPTED,FILE,encounters_epic_north.csv,EPIC_NORTH,RECON_HISTORY_ROWS,RECONCILIATION,CLEAN,VERSION,ERROR,71,71,71,,,PASS,
batch_003,ACCEPTED,FILE,encounters_epic_north.csv,EPIC_NORTH,RECON_PATIENT_ROWS,RECONCILIATION,CLEAN,ROW,ERROR,83,83,83,,,PASS,
batch_003,ACCEPTED,FILE,encounters_epic_north.csv,EPIC_NORTH,RECON_QUARANTINE_ROWS,RECONCILIATION,CLEAN,ROW,ERROR,83,0,0,,,PASS,
batch_003,ACCEPTED,FILE,encounters_epic_north.csv,EPIC_NORTH,RECON_RAW_ROWS,RECONCILIATION,RAW,ROW,ERROR,83,83,83,,,PASS,
batch_003,ACCEPTED,FILE,encounters_epic_north.csv,EPIC_NORTH,RECON_ROW_OUTCOMES,RECONCILIATION,CLEAN,ROW,ERROR,83,83,83,,,PASS,
batch_003,ACCEPTED,FILE,encounters_epic_north.csv,EPIC_NORTH,RECON_VERSION_FIELD_ROWS,RECONCILIATION,CLEAN,VERSION,ERROR,71,71,71,,,PASS,
batch_003,ACCEPTED,FILE,encounters_epic_north.csv,EPIC_NORTH,RECORD_SHAPE_VALID,FILE_VALIDATION,LANDING,FILE,ERROR,1,0,,0.00,,PASS,
batch_003,ACCEPTED,FILE,encounters_epic_north.csv,EPIC_NORTH,ROW_COUNT_MATCH,ROW_COUNT,LANDING,FILE,ERROR,1,83,83,,,PASS,
batch_003,ACCEPTED,FILE,encounters_epic_north.csv,EPIC_NORTH,SCHEMA_CONTRACT_MATCH,SCHEMA,LANDING,FILE,ERROR,1,0,,0.00,,PASS,
batch_003,ACCEPTED,FILE,encounters_epic_north.csv,EPIC_NORTH,SCHEMA_VERSION_CHANGED,SCHEMA,LANDING,FILE,WARNING,1,0,,0.00,,PASS,
batch_003,ACCEPTED,FILE,encounters_epic_north.csv,EPIC_NORTH,SEX_KNOWN,VALIDITY,CLEAN,VERSION,WARNING,71,0,,0.00,,PASS,
batch_003,ACCEPTED,FILE,encounters_epic_north.csv,EPIC_NORTH,SOURCE_RECORD_ID_PRESENT,QUARANTINE,CLEAN,ROW,ERROR,83,0,,0.00,,PASS,
batch_003,ACCEPTED,FILE,encounters_epic_north.csv,EPIC_NORTH,STALE_REPLAY_CONFLICT,DUPLICATE,CLEAN,ROW,WARNING,83,0,,0.00,,PASS,
batch_003,ACCEPTED,FILE,encounters_epic_north.csv,EPIC_NORTH,STALE_ROW,DUPLICATE,CLEAN,ROW,INFO,83,12,,14.46,,PASS,STALE_REPLAY
batch_003,ACCEPTED,FILE,encounters_epic_north.csv,EPIC_NORTH,VALUE_REASON_CONSISTENT,NULL,MART,VERSION,ERROR,71,0,0,,,PASS,
batch_003,ACCEPTED,FILE,encounters_epic_north.csv,EPIC_NORTH,VERSION_CONFLICT_SAME_TS,QUARANTINE,CLEAN,ROW,ERROR,83,0,,0.00,,PASS,
batch_003,ACCEPTED,FILE,encounters_epic_north.csv,EPIC_NORTH,ZIP3_VALID,VALIDITY,CLEAN,VERSION,WARNING,71,0,,0.00,,PASS,
batch_003,ACCEPTED,FILE,encounters_legacy_meditech.csv,LEGACY_MEDITECH,ADMIT_DATE_VALID,VALIDITY,CLEAN,VERSION,ERROR,27,0,,0.00,,PASS,
batch_003,ACCEPTED,FILE,encounters_legacy_meditech.csv,LEGACY_MEDITECH,AGE_BAND_KNOWN,VALIDITY,CLEAN,VERSION,WARNING,27,1,,3.70,,WARN,AGE_BAND_DOB_AFTER_ADMIT
batch_003,ACCEPTED,FILE,encounters_legacy_meditech.csv,LEGACY_MEDITECH,ATTENDING_NPI_IN_ROSTER,REFERENTIAL_INTEGRITY,CLEAN,VERSION,WARNING,27,0,,0.00,,PASS,
batch_003,ACCEPTED,FILE,encounters_legacy_meditech.csv,LEGACY_MEDITECH,ATTENDING_NPI_VALID,VALIDITY,CLEAN,VERSION,WARNING,27,0,,0.00,,PASS,
batch_003,ACCEPTED,FILE,encounters_legacy_meditech.csv,LEGACY_MEDITECH,BILLED_AMOUNT_VALID,VALIDITY,CLEAN,VERSION,WARNING,27,0,,0.00,,PASS,
batch_003,ACCEPTED,FILE,encounters_legacy_meditech.csv,LEGACY_MEDITECH,CLAIM_STATUS_MAPPED,VALIDITY,CLEAN,VERSION,WARNING,27,0,,0.00,,PASS,
batch_003,ACCEPTED,FILE,encounters_legacy_meditech.csv,LEGACY_MEDITECH,CURRENT_MATCHES_HISTORY,RECONCILIATION,MART,VERSION,ERROR,27,0,0,,,PASS,
batch_003,ACCEPTED,FILE,encounters_legacy_meditech.csv,LEGACY_MEDITECH,DISCHARGE_DATE_VALID,VALIDITY,CLEAN,VERSION,WARNING,27,2,,7.41,,WARN,DATE_MISSING
batch_003,ACCEPTED,FILE,encounters_legacy_meditech.csv,LEGACY_MEDITECH,DISCHARGE_NOT_BEFORE_ADMIT,VALIDITY,CLEAN,VERSION,WARNING,27,0,,0.00,,PASS,
batch_003,ACCEPTED,FILE,encounters_legacy_meditech.csv,LEGACY_MEDITECH,DUPLICATE_FILE,DUPLICATE,LANDING,FILE,WARNING,1,0,,0.00,,PASS,
batch_003,ACCEPTED,FILE,encounters_legacy_meditech.csv,LEGACY_MEDITECH,DUPLICATE_ROW,DUPLICATE,CLEAN,ROW,INFO,31,0,,0.00,,PASS,
batch_003,ACCEPTED,FILE,encounters_legacy_meditech.csv,LEGACY_MEDITECH,ENCOUNTER_TYPE_MAPPED,VALIDITY,CLEAN,VERSION,WARNING,27,0,,0.00,,PASS,
batch_003,ACCEPTED,FILE,encounters_legacy_meditech.csv,LEGACY_MEDITECH,FACILITY_RESOLVED,VALIDITY,CLEAN,VERSION,ERROR,27,0,,0.00,,PASS,
batch_003,ACCEPTED,FILE,encounters_legacy_meditech.csv,LEGACY_MEDITECH,FILE_CSV_PARSEABLE,FILE_VALIDATION,LANDING,FILE,ERROR,1,0,,0.00,,PASS,
batch_003,ACCEPTED,FILE,encounters_legacy_meditech.csv,LEGACY_MEDITECH,FILE_ENCODING_VALID,FILE_VALIDATION,LANDING,FILE,ERROR,1,0,,0.00,,PASS,
batch_003,ACCEPTED,FILE,encounters_legacy_meditech.csv,LEGACY_MEDITECH,FILE_SHA256_MATCH,FILE_VALIDATION,LANDING,FILE,ERROR,1,0,,0.00,,PASS,
batch_003,ACCEPTED,FILE,encounters_legacy_meditech.csv,LEGACY_MEDITECH,FK_FACT_DATE,REFERENTIAL_INTEGRITY,MART,VERSION,ERROR,27,0,0,,,PASS,
batch_003,ACCEPTED,FILE,encounters_legacy_meditech.csv,LEGACY_MEDITECH,FK_FACT_DIAGNOSIS,REFERENTIAL_INTEGRITY,MART,VERSION,ERROR,27,0,0,,,PASS,
batch_003,ACCEPTED,FILE,encounters_legacy_meditech.csv,LEGACY_MEDITECH,FK_FACT_FACILITY,REFERENTIAL_INTEGRITY,MART,VERSION,ERROR,27,0,0,,,PASS,
batch_003,ACCEPTED,FILE,encounters_legacy_meditech.csv,LEGACY_MEDITECH,FK_FACT_PATIENT,REFERENTIAL_INTEGRITY,MART,VERSION,ERROR,27,0,0,,,PASS,
batch_003,ACCEPTED,FILE,encounters_legacy_meditech.csv,LEGACY_MEDITECH,FK_FACT_PAYER,REFERENTIAL_INTEGRITY,MART,VERSION,ERROR,27,0,0,,,PASS,
batch_003,ACCEPTED,FILE,encounters_legacy_meditech.csv,LEGACY_MEDITECH,FK_FACT_PROVIDER,REFERENTIAL_INTEGRITY,MART,VERSION,ERROR,27,0,0,,,PASS,
batch_003,ACCEPTED,FILE,encounters_legacy_meditech.csv,LEGACY_MEDITECH,KEY_UNIQUE,DUPLICATE,ALL,VERSION,ERROR,27,0,0,,,PASS,
batch_003,ACCEPTED,FILE,encounters_legacy_meditech.csv,LEGACY_MEDITECH,LAST_UPDATED_TS_UNAMBIGUOUS,VALIDITY,CLEAN,VERSION,WARNING,27,0,,0.00,,PASS,
batch_003,ACCEPTED,FILE,encounters_legacy_meditech.csv,LEGACY_MEDITECH,LAST_UPDATED_TS_VALID,QUARANTINE,CLEAN,ROW,ERROR,31,0,,0.00,,PASS,
batch_003,ACCEPTED,FILE,encounters_legacy_meditech.csv,LEGACY_MEDITECH,PATIENT_KEY_PRESENT,NULL,CLEAN,VERSION,WARNING,27,0,,0.00,,PASS,
batch_003,ACCEPTED,FILE,encounters_legacy_meditech.csv,LEGACY_MEDITECH,PATIENT_LINKED,VALIDITY,CLEAN,VERSION,WARNING,27,0,,0.00,,PASS,
batch_003,ACCEPTED,FILE,encounters_legacy_meditech.csv,LEGACY_MEDITECH,PAYER_MAPPED,VALIDITY,CLEAN,VERSION,WARNING,27,0,,0.00,,PASS,
batch_003,ACCEPTED,FILE,encounters_legacy_meditech.csv,LEGACY_MEDITECH,PRIMARY_DX_IN_REFERENCE,REFERENTIAL_INTEGRITY,CLEAN,VERSION,WARNING,27,0,,0.00,,PASS,
batch_003,ACCEPTED,FILE,encounters_legacy_meditech.csv,LEGACY_MEDITECH,PRIMARY_DX_VALID,VALIDITY,CLEAN,VERSION,WARNING,27,0,,0.00,,PASS,
batch_003,ACCEPTED,FILE,encounters_legacy_meditech.csv,LEGACY_MEDITECH,PROVIDER_ON_ROSTER_AT_ADMIT,REFERENTIAL_INTEGRITY,MART,VERSION,WARNING,27,0,,0.00,,PASS,
batch_003,ACCEPTED,FILE,encounters_legacy_meditech.csv,LEGACY_MEDITECH,RECON_CURRENT_ROWS,RECONCILIATION,MART,VERSION,INFO,27,27,,100.00,,PASS,
batch_003,ACCEPTED,FILE,encounters_legacy_meditech.csv,LEGACY_MEDITECH,RECON_DQ_PARTITION,RECONCILIATION,CLEAN,VERSION,ERROR,27,27,27,,,PASS,
batch_003,ACCEPTED,FILE,encounters_legacy_meditech.csv,LEGACY_MEDITECH,RECON_FACT_VERSION_ROWS,RECONCILIATION,MART,VERSION,ERROR,27,27,27,,,PASS,
batch_003,ACCEPTED,FILE,encounters_legacy_meditech.csv,LEGACY_MEDITECH,RECON_HISTORY_ROWS,RECONCILIATION,CLEAN,VERSION,ERROR,27,27,27,,,PASS,
batch_003,ACCEPTED,FILE,encounters_legacy_meditech.csv,LEGACY_MEDITECH,RECON_PATIENT_ROWS,RECONCILIATION,CLEAN,ROW,ERROR,31,31,31,,,PASS,
batch_003,ACCEPTED,FILE,encounters_legacy_meditech.csv,LEGACY_MEDITECH,RECON_QUARANTINE_ROWS,RECONCILIATION,CLEAN,ROW,ERROR,31,0,0,,,PASS,
batch_003,ACCEPTED,FILE,encounters_legacy_meditech.csv,LEGACY_MEDITECH,RECON_RAW_ROWS,RECONCILIATION,RAW,ROW,ERROR,31,31,31,,,PASS,
batch_003,ACCEPTED,FILE,encounters_legacy_meditech.csv,LEGACY_MEDITECH,RECON_ROW_OUTCOMES,RECONCILIATION,CLEAN,ROW,ERROR,31,31,31,,,PASS,
batch_003,ACCEPTED,FILE,encounters_legacy_meditech.csv,LEGACY_MEDITECH,RECON_VERSION_FIELD_ROWS,RECONCILIATION,CLEAN,VERSION,ERROR,27,27,27,,,PASS,
batch_003,ACCEPTED,FILE,encounters_legacy_meditech.csv,LEGACY_MEDITECH,RECORD_SHAPE_VALID,FILE_VALIDATION,LANDING,FILE,ERROR,1,0,,0.00,,PASS,
batch_003,ACCEPTED,FILE,encounters_legacy_meditech.csv,LEGACY_MEDITECH,ROW_COUNT_MATCH,ROW_COUNT,LANDING,FILE,ERROR,1,31,31,,,PASS,
batch_003,ACCEPTED,FILE,encounters_legacy_meditech.csv,LEGACY_MEDITECH,SCHEMA_CONTRACT_MATCH,SCHEMA,LANDING,FILE,ERROR,1,0,,0.00,,PASS,
batch_003,ACCEPTED,FILE,encounters_legacy_meditech.csv,LEGACY_MEDITECH,SCHEMA_VERSION_CHANGED,SCHEMA,LANDING,FILE,WARNING,1,0,,0.00,,PASS,
batch_003,ACCEPTED,FILE,encounters_legacy_meditech.csv,LEGACY_MEDITECH,SEX_KNOWN,VALIDITY,CLEAN,VERSION,WARNING,27,0,,0.00,,PASS,
batch_003,ACCEPTED,FILE,encounters_legacy_meditech.csv,LEGACY_MEDITECH,SOURCE_RECORD_ID_PRESENT,QUARANTINE,CLEAN,ROW,ERROR,31,0,,0.00,,PASS,
batch_003,ACCEPTED,FILE,encounters_legacy_meditech.csv,LEGACY_MEDITECH,STALE_REPLAY_CONFLICT,DUPLICATE,CLEAN,ROW,WARNING,31,0,,0.00,,PASS,
batch_003,ACCEPTED,FILE,encounters_legacy_meditech.csv,LEGACY_MEDITECH,STALE_ROW,DUPLICATE,CLEAN,ROW,INFO,31,4,,12.90,,PASS,STALE_REPLAY
batch_003,ACCEPTED,FILE,encounters_legacy_meditech.csv,LEGACY_MEDITECH,VALUE_REASON_CONSISTENT,NULL,MART,VERSION,ERROR,27,0,0,,,PASS,
batch_003,ACCEPTED,FILE,encounters_legacy_meditech.csv,LEGACY_MEDITECH,VERSION_CONFLICT_SAME_TS,QUARANTINE,CLEAN,ROW,ERROR,31,0,,0.00,,PASS,
batch_003,ACCEPTED,FILE,encounters_legacy_meditech.csv,LEGACY_MEDITECH,ZIP3_VALID,VALIDITY,CLEAN,VERSION,WARNING,27,0,,0.00,,PASS,
batch_004,REJECTED,BATCH,,,MANIFEST_VALID,FILE_VALIDATION,LANDING,BATCH,ERROR,1,0,,0.00,,PASS,
batch_004,REJECTED,BATCH,,,PUBLISH_GATE,PUBLISH_GATE,CLEAN,BATCH,ERROR,,,,,5.00,NOT_EVALUATED,BATCH_REJECTED
batch_004,REJECTED,BATCH,,,REJECTED_BATCH_NOT_LOADED,RECONCILIATION,ALL,BATCH,ERROR,1,0,0,,,PASS,
batch_004,REJECTED,FILE,encounters_athena_clinics.csv,ATHENA_CLINICS,ADMIT_DATE_VALID,VALIDITY,CLEAN,VERSION,ERROR,,,,,,NOT_EVALUATED,BATCH_REJECTED
batch_004,REJECTED,FILE,encounters_athena_clinics.csv,ATHENA_CLINICS,AGE_BAND_KNOWN,VALIDITY,CLEAN,VERSION,WARNING,,,,,,NOT_EVALUATED,BATCH_REJECTED
batch_004,REJECTED,FILE,encounters_athena_clinics.csv,ATHENA_CLINICS,ATTENDING_NPI_IN_ROSTER,REFERENTIAL_INTEGRITY,CLEAN,VERSION,WARNING,,,,,,NOT_EVALUATED,BATCH_REJECTED
batch_004,REJECTED,FILE,encounters_athena_clinics.csv,ATHENA_CLINICS,ATTENDING_NPI_VALID,VALIDITY,CLEAN,VERSION,WARNING,,,,,,NOT_EVALUATED,BATCH_REJECTED
batch_004,REJECTED,FILE,encounters_athena_clinics.csv,ATHENA_CLINICS,BILLED_AMOUNT_VALID,VALIDITY,CLEAN,VERSION,WARNING,,,,,,NOT_EVALUATED,BATCH_REJECTED
batch_004,REJECTED,FILE,encounters_athena_clinics.csv,ATHENA_CLINICS,CLAIM_STATUS_MAPPED,VALIDITY,CLEAN,VERSION,WARNING,,,,,,NOT_EVALUATED,BATCH_REJECTED
batch_004,REJECTED,FILE,encounters_athena_clinics.csv,ATHENA_CLINICS,CURRENT_MATCHES_HISTORY,RECONCILIATION,MART,VERSION,ERROR,,,,,,NOT_EVALUATED,BATCH_REJECTED
batch_004,REJECTED,FILE,encounters_athena_clinics.csv,ATHENA_CLINICS,DISCHARGE_DATE_VALID,VALIDITY,CLEAN,VERSION,WARNING,,,,,,NOT_EVALUATED,BATCH_REJECTED
batch_004,REJECTED,FILE,encounters_athena_clinics.csv,ATHENA_CLINICS,DISCHARGE_NOT_BEFORE_ADMIT,VALIDITY,CLEAN,VERSION,WARNING,,,,,,NOT_EVALUATED,BATCH_REJECTED
batch_004,REJECTED,FILE,encounters_athena_clinics.csv,ATHENA_CLINICS,DUPLICATE_FILE,DUPLICATE,LANDING,FILE,WARNING,,,,,,NOT_EVALUATED,BATCH_REJECTED
batch_004,REJECTED,FILE,encounters_athena_clinics.csv,ATHENA_CLINICS,DUPLICATE_ROW,DUPLICATE,CLEAN,ROW,INFO,,,,,,NOT_EVALUATED,BATCH_REJECTED
batch_004,REJECTED,FILE,encounters_athena_clinics.csv,ATHENA_CLINICS,ENCOUNTER_TYPE_MAPPED,VALIDITY,CLEAN,VERSION,WARNING,,,,,,NOT_EVALUATED,BATCH_REJECTED
batch_004,REJECTED,FILE,encounters_athena_clinics.csv,ATHENA_CLINICS,FACILITY_RESOLVED,VALIDITY,CLEAN,VERSION,ERROR,,,,,,NOT_EVALUATED,BATCH_REJECTED
batch_004,REJECTED,FILE,encounters_athena_clinics.csv,ATHENA_CLINICS,FILE_CSV_PARSEABLE,FILE_VALIDATION,LANDING,FILE,ERROR,1,0,,0.00,,PASS,
batch_004,REJECTED,FILE,encounters_athena_clinics.csv,ATHENA_CLINICS,FILE_ENCODING_VALID,FILE_VALIDATION,LANDING,FILE,ERROR,1,0,,0.00,,PASS,
batch_004,REJECTED,FILE,encounters_athena_clinics.csv,ATHENA_CLINICS,FILE_SHA256_MATCH,FILE_VALIDATION,LANDING,FILE,ERROR,1,0,,0.00,,PASS,
batch_004,REJECTED,FILE,encounters_athena_clinics.csv,ATHENA_CLINICS,FK_FACT_DATE,REFERENTIAL_INTEGRITY,MART,VERSION,ERROR,,,,,,NOT_EVALUATED,BATCH_REJECTED
batch_004,REJECTED,FILE,encounters_athena_clinics.csv,ATHENA_CLINICS,FK_FACT_DIAGNOSIS,REFERENTIAL_INTEGRITY,MART,VERSION,ERROR,,,,,,NOT_EVALUATED,BATCH_REJECTED
batch_004,REJECTED,FILE,encounters_athena_clinics.csv,ATHENA_CLINICS,FK_FACT_FACILITY,REFERENTIAL_INTEGRITY,MART,VERSION,ERROR,,,,,,NOT_EVALUATED,BATCH_REJECTED
batch_004,REJECTED,FILE,encounters_athena_clinics.csv,ATHENA_CLINICS,FK_FACT_PATIENT,REFERENTIAL_INTEGRITY,MART,VERSION,ERROR,,,,,,NOT_EVALUATED,BATCH_REJECTED
batch_004,REJECTED,FILE,encounters_athena_clinics.csv,ATHENA_CLINICS,FK_FACT_PAYER,REFERENTIAL_INTEGRITY,MART,VERSION,ERROR,,,,,,NOT_EVALUATED,BATCH_REJECTED
batch_004,REJECTED,FILE,encounters_athena_clinics.csv,ATHENA_CLINICS,FK_FACT_PROVIDER,REFERENTIAL_INTEGRITY,MART,VERSION,ERROR,,,,,,NOT_EVALUATED,BATCH_REJECTED
batch_004,REJECTED,FILE,encounters_athena_clinics.csv,ATHENA_CLINICS,KEY_UNIQUE,DUPLICATE,ALL,VERSION,ERROR,,,,,,NOT_EVALUATED,BATCH_REJECTED
batch_004,REJECTED,FILE,encounters_athena_clinics.csv,ATHENA_CLINICS,LAST_UPDATED_TS_UNAMBIGUOUS,VALIDITY,CLEAN,VERSION,WARNING,,,,,,NOT_EVALUATED,BATCH_REJECTED
batch_004,REJECTED,FILE,encounters_athena_clinics.csv,ATHENA_CLINICS,LAST_UPDATED_TS_VALID,QUARANTINE,CLEAN,ROW,ERROR,,,,,,NOT_EVALUATED,BATCH_REJECTED
batch_004,REJECTED,FILE,encounters_athena_clinics.csv,ATHENA_CLINICS,PATIENT_KEY_PRESENT,NULL,CLEAN,VERSION,WARNING,,,,,,NOT_EVALUATED,BATCH_REJECTED
batch_004,REJECTED,FILE,encounters_athena_clinics.csv,ATHENA_CLINICS,PATIENT_LINKED,VALIDITY,CLEAN,VERSION,WARNING,,,,,,NOT_EVALUATED,BATCH_REJECTED
batch_004,REJECTED,FILE,encounters_athena_clinics.csv,ATHENA_CLINICS,PAYER_MAPPED,VALIDITY,CLEAN,VERSION,WARNING,,,,,,NOT_EVALUATED,BATCH_REJECTED
batch_004,REJECTED,FILE,encounters_athena_clinics.csv,ATHENA_CLINICS,PRIMARY_DX_IN_REFERENCE,REFERENTIAL_INTEGRITY,CLEAN,VERSION,WARNING,,,,,,NOT_EVALUATED,BATCH_REJECTED
batch_004,REJECTED,FILE,encounters_athena_clinics.csv,ATHENA_CLINICS,PRIMARY_DX_VALID,VALIDITY,CLEAN,VERSION,WARNING,,,,,,NOT_EVALUATED,BATCH_REJECTED
batch_004,REJECTED,FILE,encounters_athena_clinics.csv,ATHENA_CLINICS,PROVIDER_ON_ROSTER_AT_ADMIT,REFERENTIAL_INTEGRITY,MART,VERSION,WARNING,,,,,,NOT_EVALUATED,BATCH_REJECTED
batch_004,REJECTED,FILE,encounters_athena_clinics.csv,ATHENA_CLINICS,RECON_CURRENT_ROWS,RECONCILIATION,MART,VERSION,INFO,,,,,,NOT_EVALUATED,BATCH_REJECTED
batch_004,REJECTED,FILE,encounters_athena_clinics.csv,ATHENA_CLINICS,RECON_DQ_PARTITION,RECONCILIATION,CLEAN,VERSION,ERROR,,,,,,NOT_EVALUATED,BATCH_REJECTED
batch_004,REJECTED,FILE,encounters_athena_clinics.csv,ATHENA_CLINICS,RECON_FACT_VERSION_ROWS,RECONCILIATION,MART,VERSION,ERROR,,,,,,NOT_EVALUATED,BATCH_REJECTED
batch_004,REJECTED,FILE,encounters_athena_clinics.csv,ATHENA_CLINICS,RECON_HISTORY_ROWS,RECONCILIATION,CLEAN,VERSION,ERROR,,,,,,NOT_EVALUATED,BATCH_REJECTED
batch_004,REJECTED,FILE,encounters_athena_clinics.csv,ATHENA_CLINICS,RECON_PATIENT_ROWS,RECONCILIATION,CLEAN,ROW,ERROR,,,,,,NOT_EVALUATED,BATCH_REJECTED
batch_004,REJECTED,FILE,encounters_athena_clinics.csv,ATHENA_CLINICS,RECON_QUARANTINE_ROWS,RECONCILIATION,CLEAN,ROW,ERROR,,,,,,NOT_EVALUATED,BATCH_REJECTED
batch_004,REJECTED,FILE,encounters_athena_clinics.csv,ATHENA_CLINICS,RECON_RAW_ROWS,RECONCILIATION,RAW,ROW,ERROR,,,,,,NOT_EVALUATED,BATCH_REJECTED
batch_004,REJECTED,FILE,encounters_athena_clinics.csv,ATHENA_CLINICS,RECON_ROW_OUTCOMES,RECONCILIATION,CLEAN,ROW,ERROR,,,,,,NOT_EVALUATED,BATCH_REJECTED
batch_004,REJECTED,FILE,encounters_athena_clinics.csv,ATHENA_CLINICS,RECON_VERSION_FIELD_ROWS,RECONCILIATION,CLEAN,VERSION,ERROR,,,,,,NOT_EVALUATED,BATCH_REJECTED
batch_004,REJECTED,FILE,encounters_athena_clinics.csv,ATHENA_CLINICS,RECORD_SHAPE_VALID,FILE_VALIDATION,LANDING,FILE,ERROR,1,0,,0.00,,PASS,
batch_004,REJECTED,FILE,encounters_athena_clinics.csv,ATHENA_CLINICS,ROW_COUNT_MATCH,ROW_COUNT,LANDING,FILE,ERROR,1,22,22,,,PASS,
batch_004,REJECTED,FILE,encounters_athena_clinics.csv,ATHENA_CLINICS,SCHEMA_CONTRACT_MATCH,SCHEMA,LANDING,FILE,ERROR,1,0,,0.00,,PASS,
batch_004,REJECTED,FILE,encounters_athena_clinics.csv,ATHENA_CLINICS,SCHEMA_VERSION_CHANGED,SCHEMA,LANDING,FILE,WARNING,,,,,,NOT_EVALUATED,BATCH_REJECTED
batch_004,REJECTED,FILE,encounters_athena_clinics.csv,ATHENA_CLINICS,SEX_KNOWN,VALIDITY,CLEAN,VERSION,WARNING,,,,,,NOT_EVALUATED,BATCH_REJECTED
batch_004,REJECTED,FILE,encounters_athena_clinics.csv,ATHENA_CLINICS,SOURCE_RECORD_ID_PRESENT,QUARANTINE,CLEAN,ROW,ERROR,,,,,,NOT_EVALUATED,BATCH_REJECTED
batch_004,REJECTED,FILE,encounters_athena_clinics.csv,ATHENA_CLINICS,STALE_REPLAY_CONFLICT,DUPLICATE,CLEAN,ROW,WARNING,,,,,,NOT_EVALUATED,BATCH_REJECTED
batch_004,REJECTED,FILE,encounters_athena_clinics.csv,ATHENA_CLINICS,STALE_ROW,DUPLICATE,CLEAN,ROW,INFO,,,,,,NOT_EVALUATED,BATCH_REJECTED
batch_004,REJECTED,FILE,encounters_athena_clinics.csv,ATHENA_CLINICS,VALUE_REASON_CONSISTENT,NULL,MART,VERSION,ERROR,,,,,,NOT_EVALUATED,BATCH_REJECTED
batch_004,REJECTED,FILE,encounters_athena_clinics.csv,ATHENA_CLINICS,VERSION_CONFLICT_SAME_TS,QUARANTINE,CLEAN,ROW,ERROR,,,,,,NOT_EVALUATED,BATCH_REJECTED
batch_004,REJECTED,FILE,encounters_athena_clinics.csv,ATHENA_CLINICS,ZIP3_VALID,VALIDITY,CLEAN,VERSION,WARNING,,,,,,NOT_EVALUATED,BATCH_REJECTED
batch_004,REJECTED,FILE,encounters_epic_north.csv,EPIC_NORTH,ADMIT_DATE_VALID,VALIDITY,CLEAN,VERSION,ERROR,,,,,,NOT_EVALUATED,BATCH_REJECTED
batch_004,REJECTED,FILE,encounters_epic_north.csv,EPIC_NORTH,AGE_BAND_KNOWN,VALIDITY,CLEAN,VERSION,WARNING,,,,,,NOT_EVALUATED,BATCH_REJECTED
batch_004,REJECTED,FILE,encounters_epic_north.csv,EPIC_NORTH,ATTENDING_NPI_IN_ROSTER,REFERENTIAL_INTEGRITY,CLEAN,VERSION,WARNING,,,,,,NOT_EVALUATED,BATCH_REJECTED
batch_004,REJECTED,FILE,encounters_epic_north.csv,EPIC_NORTH,ATTENDING_NPI_VALID,VALIDITY,CLEAN,VERSION,WARNING,,,,,,NOT_EVALUATED,BATCH_REJECTED
batch_004,REJECTED,FILE,encounters_epic_north.csv,EPIC_NORTH,BILLED_AMOUNT_VALID,VALIDITY,CLEAN,VERSION,WARNING,,,,,,NOT_EVALUATED,BATCH_REJECTED
batch_004,REJECTED,FILE,encounters_epic_north.csv,EPIC_NORTH,CLAIM_STATUS_MAPPED,VALIDITY,CLEAN,VERSION,WARNING,,,,,,NOT_EVALUATED,BATCH_REJECTED
batch_004,REJECTED,FILE,encounters_epic_north.csv,EPIC_NORTH,CURRENT_MATCHES_HISTORY,RECONCILIATION,MART,VERSION,ERROR,,,,,,NOT_EVALUATED,BATCH_REJECTED
batch_004,REJECTED,FILE,encounters_epic_north.csv,EPIC_NORTH,DISCHARGE_DATE_VALID,VALIDITY,CLEAN,VERSION,WARNING,,,,,,NOT_EVALUATED,BATCH_REJECTED
batch_004,REJECTED,FILE,encounters_epic_north.csv,EPIC_NORTH,DISCHARGE_NOT_BEFORE_ADMIT,VALIDITY,CLEAN,VERSION,WARNING,,,,,,NOT_EVALUATED,BATCH_REJECTED
batch_004,REJECTED,FILE,encounters_epic_north.csv,EPIC_NORTH,DUPLICATE_FILE,DUPLICATE,LANDING,FILE,WARNING,,,,,,NOT_EVALUATED,BATCH_REJECTED
batch_004,REJECTED,FILE,encounters_epic_north.csv,EPIC_NORTH,DUPLICATE_ROW,DUPLICATE,CLEAN,ROW,INFO,,,,,,NOT_EVALUATED,BATCH_REJECTED
batch_004,REJECTED,FILE,encounters_epic_north.csv,EPIC_NORTH,ENCOUNTER_TYPE_MAPPED,VALIDITY,CLEAN,VERSION,WARNING,,,,,,NOT_EVALUATED,BATCH_REJECTED
batch_004,REJECTED,FILE,encounters_epic_north.csv,EPIC_NORTH,FACILITY_RESOLVED,VALIDITY,CLEAN,VERSION,ERROR,,,,,,NOT_EVALUATED,BATCH_REJECTED
batch_004,REJECTED,FILE,encounters_epic_north.csv,EPIC_NORTH,FILE_CSV_PARSEABLE,FILE_VALIDATION,LANDING,FILE,ERROR,1,0,,0.00,,PASS,
batch_004,REJECTED,FILE,encounters_epic_north.csv,EPIC_NORTH,FILE_ENCODING_VALID,FILE_VALIDATION,LANDING,FILE,ERROR,1,0,,0.00,,PASS,
batch_004,REJECTED,FILE,encounters_epic_north.csv,EPIC_NORTH,FILE_SHA256_MATCH,FILE_VALIDATION,LANDING,FILE,ERROR,1,1,,100.00,,FAIL,SHA256_MISMATCH
batch_004,REJECTED,FILE,encounters_epic_north.csv,EPIC_NORTH,FK_FACT_DATE,REFERENTIAL_INTEGRITY,MART,VERSION,ERROR,,,,,,NOT_EVALUATED,BATCH_REJECTED
batch_004,REJECTED,FILE,encounters_epic_north.csv,EPIC_NORTH,FK_FACT_DIAGNOSIS,REFERENTIAL_INTEGRITY,MART,VERSION,ERROR,,,,,,NOT_EVALUATED,BATCH_REJECTED
batch_004,REJECTED,FILE,encounters_epic_north.csv,EPIC_NORTH,FK_FACT_FACILITY,REFERENTIAL_INTEGRITY,MART,VERSION,ERROR,,,,,,NOT_EVALUATED,BATCH_REJECTED
batch_004,REJECTED,FILE,encounters_epic_north.csv,EPIC_NORTH,FK_FACT_PATIENT,REFERENTIAL_INTEGRITY,MART,VERSION,ERROR,,,,,,NOT_EVALUATED,BATCH_REJECTED
batch_004,REJECTED,FILE,encounters_epic_north.csv,EPIC_NORTH,FK_FACT_PAYER,REFERENTIAL_INTEGRITY,MART,VERSION,ERROR,,,,,,NOT_EVALUATED,BATCH_REJECTED
batch_004,REJECTED,FILE,encounters_epic_north.csv,EPIC_NORTH,FK_FACT_PROVIDER,REFERENTIAL_INTEGRITY,MART,VERSION,ERROR,,,,,,NOT_EVALUATED,BATCH_REJECTED
batch_004,REJECTED,FILE,encounters_epic_north.csv,EPIC_NORTH,KEY_UNIQUE,DUPLICATE,ALL,VERSION,ERROR,,,,,,NOT_EVALUATED,BATCH_REJECTED
batch_004,REJECTED,FILE,encounters_epic_north.csv,EPIC_NORTH,LAST_UPDATED_TS_UNAMBIGUOUS,VALIDITY,CLEAN,VERSION,WARNING,,,,,,NOT_EVALUATED,BATCH_REJECTED
batch_004,REJECTED,FILE,encounters_epic_north.csv,EPIC_NORTH,LAST_UPDATED_TS_VALID,QUARANTINE,CLEAN,ROW,ERROR,,,,,,NOT_EVALUATED,BATCH_REJECTED
batch_004,REJECTED,FILE,encounters_epic_north.csv,EPIC_NORTH,PATIENT_KEY_PRESENT,NULL,CLEAN,VERSION,WARNING,,,,,,NOT_EVALUATED,BATCH_REJECTED
batch_004,REJECTED,FILE,encounters_epic_north.csv,EPIC_NORTH,PATIENT_LINKED,VALIDITY,CLEAN,VERSION,WARNING,,,,,,NOT_EVALUATED,BATCH_REJECTED
batch_004,REJECTED,FILE,encounters_epic_north.csv,EPIC_NORTH,PAYER_MAPPED,VALIDITY,CLEAN,VERSION,WARNING,,,,,,NOT_EVALUATED,BATCH_REJECTED
batch_004,REJECTED,FILE,encounters_epic_north.csv,EPIC_NORTH,PRIMARY_DX_IN_REFERENCE,REFERENTIAL_INTEGRITY,CLEAN,VERSION,WARNING,,,,,,NOT_EVALUATED,BATCH_REJECTED
batch_004,REJECTED,FILE,encounters_epic_north.csv,EPIC_NORTH,PRIMARY_DX_VALID,VALIDITY,CLEAN,VERSION,WARNING,,,,,,NOT_EVALUATED,BATCH_REJECTED
batch_004,REJECTED,FILE,encounters_epic_north.csv,EPIC_NORTH,PROVIDER_ON_ROSTER_AT_ADMIT,REFERENTIAL_INTEGRITY,MART,VERSION,WARNING,,,,,,NOT_EVALUATED,BATCH_REJECTED
batch_004,REJECTED,FILE,encounters_epic_north.csv,EPIC_NORTH,RECON_CURRENT_ROWS,RECONCILIATION,MART,VERSION,INFO,,,,,,NOT_EVALUATED,BATCH_REJECTED
batch_004,REJECTED,FILE,encounters_epic_north.csv,EPIC_NORTH,RECON_DQ_PARTITION,RECONCILIATION,CLEAN,VERSION,ERROR,,,,,,NOT_EVALUATED,BATCH_REJECTED
batch_004,REJECTED,FILE,encounters_epic_north.csv,EPIC_NORTH,RECON_FACT_VERSION_ROWS,RECONCILIATION,MART,VERSION,ERROR,,,,,,NOT_EVALUATED,BATCH_REJECTED
batch_004,REJECTED,FILE,encounters_epic_north.csv,EPIC_NORTH,RECON_HISTORY_ROWS,RECONCILIATION,CLEAN,VERSION,ERROR,,,,,,NOT_EVALUATED,BATCH_REJECTED
batch_004,REJECTED,FILE,encounters_epic_north.csv,EPIC_NORTH,RECON_PATIENT_ROWS,RECONCILIATION,CLEAN,ROW,ERROR,,,,,,NOT_EVALUATED,BATCH_REJECTED
batch_004,REJECTED,FILE,encounters_epic_north.csv,EPIC_NORTH,RECON_QUARANTINE_ROWS,RECONCILIATION,CLEAN,ROW,ERROR,,,,,,NOT_EVALUATED,BATCH_REJECTED
batch_004,REJECTED,FILE,encounters_epic_north.csv,EPIC_NORTH,RECON_RAW_ROWS,RECONCILIATION,RAW,ROW,ERROR,,,,,,NOT_EVALUATED,BATCH_REJECTED
batch_004,REJECTED,FILE,encounters_epic_north.csv,EPIC_NORTH,RECON_ROW_OUTCOMES,RECONCILIATION,CLEAN,ROW,ERROR,,,,,,NOT_EVALUATED,BATCH_REJECTED
batch_004,REJECTED,FILE,encounters_epic_north.csv,EPIC_NORTH,RECON_VERSION_FIELD_ROWS,RECONCILIATION,CLEAN,VERSION,ERROR,,,,,,NOT_EVALUATED,BATCH_REJECTED
batch_004,REJECTED,FILE,encounters_epic_north.csv,EPIC_NORTH,RECORD_SHAPE_VALID,FILE_VALIDATION,LANDING,FILE,ERROR,1,1,,100.00,,FAIL,MALFORMED_RECORD
batch_004,REJECTED,FILE,encounters_epic_north.csv,EPIC_NORTH,ROW_COUNT_MATCH,ROW_COUNT,LANDING,FILE,ERROR,1,18,22,,,FAIL,ROW_COUNT_MISMATCH
batch_004,REJECTED,FILE,encounters_epic_north.csv,EPIC_NORTH,SCHEMA_CONTRACT_MATCH,SCHEMA,LANDING,FILE,ERROR,1,0,,0.00,,PASS,
batch_004,REJECTED,FILE,encounters_epic_north.csv,EPIC_NORTH,SCHEMA_VERSION_CHANGED,SCHEMA,LANDING,FILE,WARNING,,,,,,NOT_EVALUATED,BATCH_REJECTED
batch_004,REJECTED,FILE,encounters_epic_north.csv,EPIC_NORTH,SEX_KNOWN,VALIDITY,CLEAN,VERSION,WARNING,,,,,,NOT_EVALUATED,BATCH_REJECTED
batch_004,REJECTED,FILE,encounters_epic_north.csv,EPIC_NORTH,SOURCE_RECORD_ID_PRESENT,QUARANTINE,CLEAN,ROW,ERROR,,,,,,NOT_EVALUATED,BATCH_REJECTED
batch_004,REJECTED,FILE,encounters_epic_north.csv,EPIC_NORTH,STALE_REPLAY_CONFLICT,DUPLICATE,CLEAN,ROW,WARNING,,,,,,NOT_EVALUATED,BATCH_REJECTED
batch_004,REJECTED,FILE,encounters_epic_north.csv,EPIC_NORTH,STALE_ROW,DUPLICATE,CLEAN,ROW,INFO,,,,,,NOT_EVALUATED,BATCH_REJECTED
batch_004,REJECTED,FILE,encounters_epic_north.csv,EPIC_NORTH,VALUE_REASON_CONSISTENT,NULL,MART,VERSION,ERROR,,,,,,NOT_EVALUATED,BATCH_REJECTED
batch_004,REJECTED,FILE,encounters_epic_north.csv,EPIC_NORTH,VERSION_CONFLICT_SAME_TS,QUARANTINE,CLEAN,ROW,ERROR,,,,,,NOT_EVALUATED,BATCH_REJECTED
batch_004,REJECTED,FILE,encounters_epic_north.csv,EPIC_NORTH,ZIP3_VALID,VALIDITY,CLEAN,VERSION,WARNING,,,,,,NOT_EVALUATED,BATCH_REJECTED
batch_004,REJECTED,FILE,encounters_legacy_meditech.csv,LEGACY_MEDITECH,ADMIT_DATE_VALID,VALIDITY,CLEAN,VERSION,ERROR,,,,,,NOT_EVALUATED,BATCH_REJECTED
batch_004,REJECTED,FILE,encounters_legacy_meditech.csv,LEGACY_MEDITECH,AGE_BAND_KNOWN,VALIDITY,CLEAN,VERSION,WARNING,,,,,,NOT_EVALUATED,BATCH_REJECTED
batch_004,REJECTED,FILE,encounters_legacy_meditech.csv,LEGACY_MEDITECH,ATTENDING_NPI_IN_ROSTER,REFERENTIAL_INTEGRITY,CLEAN,VERSION,WARNING,,,,,,NOT_EVALUATED,BATCH_REJECTED
batch_004,REJECTED,FILE,encounters_legacy_meditech.csv,LEGACY_MEDITECH,ATTENDING_NPI_VALID,VALIDITY,CLEAN,VERSION,WARNING,,,,,,NOT_EVALUATED,BATCH_REJECTED
batch_004,REJECTED,FILE,encounters_legacy_meditech.csv,LEGACY_MEDITECH,BILLED_AMOUNT_VALID,VALIDITY,CLEAN,VERSION,WARNING,,,,,,NOT_EVALUATED,BATCH_REJECTED
batch_004,REJECTED,FILE,encounters_legacy_meditech.csv,LEGACY_MEDITECH,CLAIM_STATUS_MAPPED,VALIDITY,CLEAN,VERSION,WARNING,,,,,,NOT_EVALUATED,BATCH_REJECTED
batch_004,REJECTED,FILE,encounters_legacy_meditech.csv,LEGACY_MEDITECH,CURRENT_MATCHES_HISTORY,RECONCILIATION,MART,VERSION,ERROR,,,,,,NOT_EVALUATED,BATCH_REJECTED
batch_004,REJECTED,FILE,encounters_legacy_meditech.csv,LEGACY_MEDITECH,DISCHARGE_DATE_VALID,VALIDITY,CLEAN,VERSION,WARNING,,,,,,NOT_EVALUATED,BATCH_REJECTED
batch_004,REJECTED,FILE,encounters_legacy_meditech.csv,LEGACY_MEDITECH,DISCHARGE_NOT_BEFORE_ADMIT,VALIDITY,CLEAN,VERSION,WARNING,,,,,,NOT_EVALUATED,BATCH_REJECTED
batch_004,REJECTED,FILE,encounters_legacy_meditech.csv,LEGACY_MEDITECH,DUPLICATE_FILE,DUPLICATE,LANDING,FILE,WARNING,,,,,,NOT_EVALUATED,BATCH_REJECTED
batch_004,REJECTED,FILE,encounters_legacy_meditech.csv,LEGACY_MEDITECH,DUPLICATE_ROW,DUPLICATE,CLEAN,ROW,INFO,,,,,,NOT_EVALUATED,BATCH_REJECTED
batch_004,REJECTED,FILE,encounters_legacy_meditech.csv,LEGACY_MEDITECH,ENCOUNTER_TYPE_MAPPED,VALIDITY,CLEAN,VERSION,WARNING,,,,,,NOT_EVALUATED,BATCH_REJECTED
batch_004,REJECTED,FILE,encounters_legacy_meditech.csv,LEGACY_MEDITECH,FACILITY_RESOLVED,VALIDITY,CLEAN,VERSION,ERROR,,,,,,NOT_EVALUATED,BATCH_REJECTED
batch_004,REJECTED,FILE,encounters_legacy_meditech.csv,LEGACY_MEDITECH,FILE_CSV_PARSEABLE,FILE_VALIDATION,LANDING,FILE,ERROR,1,0,,0.00,,PASS,
batch_004,REJECTED,FILE,encounters_legacy_meditech.csv,LEGACY_MEDITECH,FILE_ENCODING_VALID,FILE_VALIDATION,LANDING,FILE,ERROR,1,0,,0.00,,PASS,
batch_004,REJECTED,FILE,encounters_legacy_meditech.csv,LEGACY_MEDITECH,FILE_SHA256_MATCH,FILE_VALIDATION,LANDING,FILE,ERROR,1,0,,0.00,,PASS,
batch_004,REJECTED,FILE,encounters_legacy_meditech.csv,LEGACY_MEDITECH,FK_FACT_DATE,REFERENTIAL_INTEGRITY,MART,VERSION,ERROR,,,,,,NOT_EVALUATED,BATCH_REJECTED
batch_004,REJECTED,FILE,encounters_legacy_meditech.csv,LEGACY_MEDITECH,FK_FACT_DIAGNOSIS,REFERENTIAL_INTEGRITY,MART,VERSION,ERROR,,,,,,NOT_EVALUATED,BATCH_REJECTED
batch_004,REJECTED,FILE,encounters_legacy_meditech.csv,LEGACY_MEDITECH,FK_FACT_FACILITY,REFERENTIAL_INTEGRITY,MART,VERSION,ERROR,,,,,,NOT_EVALUATED,BATCH_REJECTED
batch_004,REJECTED,FILE,encounters_legacy_meditech.csv,LEGACY_MEDITECH,FK_FACT_PATIENT,REFERENTIAL_INTEGRITY,MART,VERSION,ERROR,,,,,,NOT_EVALUATED,BATCH_REJECTED
batch_004,REJECTED,FILE,encounters_legacy_meditech.csv,LEGACY_MEDITECH,FK_FACT_PAYER,REFERENTIAL_INTEGRITY,MART,VERSION,ERROR,,,,,,NOT_EVALUATED,BATCH_REJECTED
batch_004,REJECTED,FILE,encounters_legacy_meditech.csv,LEGACY_MEDITECH,FK_FACT_PROVIDER,REFERENTIAL_INTEGRITY,MART,VERSION,ERROR,,,,,,NOT_EVALUATED,BATCH_REJECTED
batch_004,REJECTED,FILE,encounters_legacy_meditech.csv,LEGACY_MEDITECH,KEY_UNIQUE,DUPLICATE,ALL,VERSION,ERROR,,,,,,NOT_EVALUATED,BATCH_REJECTED
batch_004,REJECTED,FILE,encounters_legacy_meditech.csv,LEGACY_MEDITECH,LAST_UPDATED_TS_UNAMBIGUOUS,VALIDITY,CLEAN,VERSION,WARNING,,,,,,NOT_EVALUATED,BATCH_REJECTED
batch_004,REJECTED,FILE,encounters_legacy_meditech.csv,LEGACY_MEDITECH,LAST_UPDATED_TS_VALID,QUARANTINE,CLEAN,ROW,ERROR,,,,,,NOT_EVALUATED,BATCH_REJECTED
batch_004,REJECTED,FILE,encounters_legacy_meditech.csv,LEGACY_MEDITECH,PATIENT_KEY_PRESENT,NULL,CLEAN,VERSION,WARNING,,,,,,NOT_EVALUATED,BATCH_REJECTED
batch_004,REJECTED,FILE,encounters_legacy_meditech.csv,LEGACY_MEDITECH,PATIENT_LINKED,VALIDITY,CLEAN,VERSION,WARNING,,,,,,NOT_EVALUATED,BATCH_REJECTED
batch_004,REJECTED,FILE,encounters_legacy_meditech.csv,LEGACY_MEDITECH,PAYER_MAPPED,VALIDITY,CLEAN,VERSION,WARNING,,,,,,NOT_EVALUATED,BATCH_REJECTED
batch_004,REJECTED,FILE,encounters_legacy_meditech.csv,LEGACY_MEDITECH,PRIMARY_DX_IN_REFERENCE,REFERENTIAL_INTEGRITY,CLEAN,VERSION,WARNING,,,,,,NOT_EVALUATED,BATCH_REJECTED
batch_004,REJECTED,FILE,encounters_legacy_meditech.csv,LEGACY_MEDITECH,PRIMARY_DX_VALID,VALIDITY,CLEAN,VERSION,WARNING,,,,,,NOT_EVALUATED,BATCH_REJECTED
batch_004,REJECTED,FILE,encounters_legacy_meditech.csv,LEGACY_MEDITECH,PROVIDER_ON_ROSTER_AT_ADMIT,REFERENTIAL_INTEGRITY,MART,VERSION,WARNING,,,,,,NOT_EVALUATED,BATCH_REJECTED
batch_004,REJECTED,FILE,encounters_legacy_meditech.csv,LEGACY_MEDITECH,RECON_CURRENT_ROWS,RECONCILIATION,MART,VERSION,INFO,,,,,,NOT_EVALUATED,BATCH_REJECTED
batch_004,REJECTED,FILE,encounters_legacy_meditech.csv,LEGACY_MEDITECH,RECON_DQ_PARTITION,RECONCILIATION,CLEAN,VERSION,ERROR,,,,,,NOT_EVALUATED,BATCH_REJECTED
batch_004,REJECTED,FILE,encounters_legacy_meditech.csv,LEGACY_MEDITECH,RECON_FACT_VERSION_ROWS,RECONCILIATION,MART,VERSION,ERROR,,,,,,NOT_EVALUATED,BATCH_REJECTED
batch_004,REJECTED,FILE,encounters_legacy_meditech.csv,LEGACY_MEDITECH,RECON_HISTORY_ROWS,RECONCILIATION,CLEAN,VERSION,ERROR,,,,,,NOT_EVALUATED,BATCH_REJECTED
batch_004,REJECTED,FILE,encounters_legacy_meditech.csv,LEGACY_MEDITECH,RECON_PATIENT_ROWS,RECONCILIATION,CLEAN,ROW,ERROR,,,,,,NOT_EVALUATED,BATCH_REJECTED
batch_004,REJECTED,FILE,encounters_legacy_meditech.csv,LEGACY_MEDITECH,RECON_QUARANTINE_ROWS,RECONCILIATION,CLEAN,ROW,ERROR,,,,,,NOT_EVALUATED,BATCH_REJECTED
batch_004,REJECTED,FILE,encounters_legacy_meditech.csv,LEGACY_MEDITECH,RECON_RAW_ROWS,RECONCILIATION,RAW,ROW,ERROR,,,,,,NOT_EVALUATED,BATCH_REJECTED
batch_004,REJECTED,FILE,encounters_legacy_meditech.csv,LEGACY_MEDITECH,RECON_ROW_OUTCOMES,RECONCILIATION,CLEAN,ROW,ERROR,,,,,,NOT_EVALUATED,BATCH_REJECTED
batch_004,REJECTED,FILE,encounters_legacy_meditech.csv,LEGACY_MEDITECH,RECON_VERSION_FIELD_ROWS,RECONCILIATION,CLEAN,VERSION,ERROR,,,,,,NOT_EVALUATED,BATCH_REJECTED
batch_004,REJECTED,FILE,encounters_legacy_meditech.csv,LEGACY_MEDITECH,RECORD_SHAPE_VALID,FILE_VALIDATION,LANDING,FILE,ERROR,1,0,,0.00,,PASS,
batch_004,REJECTED,FILE,encounters_legacy_meditech.csv,LEGACY_MEDITECH,ROW_COUNT_MATCH,ROW_COUNT,LANDING,FILE,ERROR,1,22,22,,,PASS,
batch_004,REJECTED,FILE,encounters_legacy_meditech.csv,LEGACY_MEDITECH,SCHEMA_CONTRACT_MATCH,SCHEMA,LANDING,FILE,ERROR,1,0,,0.00,,PASS,
batch_004,REJECTED,FILE,encounters_legacy_meditech.csv,LEGACY_MEDITECH,SCHEMA_VERSION_CHANGED,SCHEMA,LANDING,FILE,WARNING,,,,,,NOT_EVALUATED,BATCH_REJECTED
batch_004,REJECTED,FILE,encounters_legacy_meditech.csv,LEGACY_MEDITECH,SEX_KNOWN,VALIDITY,CLEAN,VERSION,WARNING,,,,,,NOT_EVALUATED,BATCH_REJECTED
batch_004,REJECTED,FILE,encounters_legacy_meditech.csv,LEGACY_MEDITECH,SOURCE_RECORD_ID_PRESENT,QUARANTINE,CLEAN,ROW,ERROR,,,,,,NOT_EVALUATED,BATCH_REJECTED
batch_004,REJECTED,FILE,encounters_legacy_meditech.csv,LEGACY_MEDITECH,STALE_REPLAY_CONFLICT,DUPLICATE,CLEAN,ROW,WARNING,,,,,,NOT_EVALUATED,BATCH_REJECTED
batch_004,REJECTED,FILE,encounters_legacy_meditech.csv,LEGACY_MEDITECH,STALE_ROW,DUPLICATE,CLEAN,ROW,INFO,,,,,,NOT_EVALUATED,BATCH_REJECTED
batch_004,REJECTED,FILE,encounters_legacy_meditech.csv,LEGACY_MEDITECH,VALUE_REASON_CONSISTENT,NULL,MART,VERSION,ERROR,,,,,,NOT_EVALUATED,BATCH_REJECTED
batch_004,REJECTED,FILE,encounters_legacy_meditech.csv,LEGACY_MEDITECH,VERSION_CONFLICT_SAME_TS,QUARANTINE,CLEAN,ROW,ERROR,,,,,,NOT_EVALUATED,BATCH_REJECTED
batch_004,REJECTED,FILE,encounters_legacy_meditech.csv,LEGACY_MEDITECH,ZIP3_VALID,VALIDITY,CLEAN,VERSION,WARNING,,,,,,NOT_EVALUATED,BATCH_REJECTED
