batch_id,file_name,source_row_number,source_system,quarantine_level,quarantine_source,batch_status,source_record_id,encounter_key,version_key,is_current_version,reason_codes,reason_detail,row_count
batch_001,encounters_athena_clinics.csv,9,ATHENA_CLINICS,VERSION,VERSION_DQ,ACCEPTED,132219,2d495d5e6681520e0182bab5b58e4a191e293d98a88e1db7b3273cf4090edbf4,f583e884bbc61dc22e1d549dddee0575b54a2345bc366ea32225eb9730c48ed3,true,FACILITY_UNRESOLVED,,1
batch_001,encounters_athena_clinics.csv,29,ATHENA_CLINICS,VERSION,VERSION_DQ,ACCEPTED,128679,4f84185c8eadc8b39879530429a0d4b470e1fe26dca4a5966d9230fa381b6f81,308c21c34210b989be77fba1db5f2cb68e6a360d3e3bc1675af4a484bbf29413,true,DATE_INVALID,,1
batch_001,encounters_athena_clinics.csv,46,ATHENA_CLINICS,VERSION,VERSION_DQ,ACCEPTED,102380,3c69fe9e4074f7817e17e1e094d30f06ab9fc321c53464f9b1be4585b1585024,2e5e34cf64d49c11d08e581e2c4fa7f387d2695afc03c0995a212e6b8875b22e,true,DATE_INVALID,,1
batch_001,encounters_athena_clinics.csv,192,ATHENA_CLINICS,VERSION,VERSION_DQ,ACCEPTED,111988,c56db34b881637b909d23ae9bdac2add0fe4eb88fc43cbd7fa1827f8a93028df,34537caef4147366586ab43489d3dfd7ac4d77622459741730350e4e0a073bcc,true,DATE_INVALID,,1
batch_001,encounters_athena_clinics.csv,197,ATHENA_CLINICS,VERSION,VERSION_DQ,ACCEPTED,133141,829c68bee3df45f7071faf6562e3cff965ba11010b9e6a56cbbab025784401ad,ea330fd82243b70601554a41a09fb1198b497c737fbb5c447ea630af3a28be58,true,FACILITY_UNRESOLVED,,1
batch_001,encounters_athena_clinics.csv,213,ATHENA_CLINICS,VERSION,VERSION_DQ,ACCEPTED,120348,61000ae2bd371b55fb5bc65b40bef92d43998bb4cd186c90253223d53a38b393,ade61108a9e8dcd304d1e8227815bb6fdb011640cb1bd398309bd153ff080933,true,FACILITY_UNRESOLVED,,1
batch_001,encounters_athena_clinics.csv,341,ATHENA_CLINICS,VERSION,VERSION_DQ,ACCEPTED,133969,6311e34706306f68773b781b40ac82fac754846bad992c2832469087020f3604,5354e9f9a15fe0420b0fda7e836d9d53aaa9d0bddd1762155f70157d31fe96c3,true,FACILITY_UNRESOLVED,,1
batch_001,encounters_athena_clinics.csv,348,ATHENA_CLINICS,VERSION,VERSION_DQ,ACCEPTED,118315,aba3682b796974c7ba5ec7b2e515d1e4d7bd3ecf4f4eb6a465798e4e4ba4e076,6ba67b215cea933431f4c38685b10eef4b400ee2fea482a8e502284e51b4e729,true,FACILITY_UNRESOLVED,,1
batch_001,encounters_athena_clinics.csv,354,ATHENA_CLINICS,VERSION,VERSION_DQ,ACCEPTED,137962,20bf2e42447dd4deda76b049f16cfd32d58e622c5457afcfdbbf3e7117834328,a17e8a7e5e7affde6c7aa101b5fb7cc4e30d971c550ee8a8ae7f0efed6ec1fe6,true,FACILITY_UNRESOLVED,,1
batch_001,encounters_athena_clinics.csv,443,ATHENA_CLINICS,VERSION,VERSION_DQ,ACCEPTED,139823,d04dfa2c25ba46838ec2e30a21f9224fc8f8ac56547dedefa936fa18ff2c718a,478950741c853ecd11b492be9ef56da7260d83265c43736c1ed7ef0fa73c1328,true,FACILITY_UNRESOLVED,,1
batch_001,encounters_athena_clinics.csv,498,ATHENA_CLINICS,VERSION,VERSION_DQ,ACCEPTED,129445,5d8ff772073b6d01131423d9218c29efceec3c6664ef0642f127bf08738d45c4,d5887b089a7c4966a8caf642d47ba6744c122028822eb8cb239d59beaf6e0409,true,DATE_INVALID,,1
batch_001,encounters_athena_clinics.csv,513,ATHENA_CLINICS,VERSION,VERSION_DQ,ACCEPTED,136856,f36bbdcacdf62df0d3e228274faeca617e5fe2e3809fb6af1d102bd3b894e191,677a668e282495a533db2444fdcabc4bcb32957ebe56e8e5f7e17c12ce0b3568,true,DATE_INVALID,,1
batch_001,encounters_athena_clinics.csv,558,ATHENA_CLINICS,VERSION,VERSION_DQ,ACCEPTED,124865,5374ae2c8c8adc18a7cd0dc54de1a007f387b7e175b94e0a12ca5257d996901f,1fd30190669411e2eb4dc6333f508cee280f0b1e4c7edf3f4e100c712e43b19e,true,FACILITY_UNRESOLVED,,1
batch_001,encounters_athena_clinics.csv,631,ATHENA_CLINICS,VERSION,VERSION_DQ,ACCEPTED,134023,340c02bcc6d48d4723dd755f706c0cff56e4629631b7deb1f48874e0ca94af80,8b34d037e99b577199a608ceb59afe7e669354f92787aa2e66ce56a91717c150,true,FACILITY_UNRESOLVED,,1
batch_001,encounters_athena_clinics.csv,642,ATHENA_CLINICS,VERSION,VERSION_DQ,ACCEPTED,125532,9d4246226c3744d34b9504b516b6599b3d0337237b65c18231f0776690246721,7c7175eb1715f1afd7d3471b8788dae42d5e651ba6f567726f1681bf3bfbbfd6,true,FACILITY_UNRESOLVED,,1
batch_001,encounters_athena_clinics.csv,677,ATHENA_CLINICS,VERSION,VERSION_DQ,ACCEPTED,118863,2e900fceda807bce4a63ac60fabfb417846ff34e2cc86e3f00a2d1f9b7db686a,31bb5d2f51bd18f6ef11c640210a24c6a46f18e219691bcd9a21882308d79621,true,FACILITY_UNRESOLVED,,1
batch_001,encounters_athena_clinics.csv,709,ATHENA_CLINICS,VERSION,VERSION_DQ,ACCEPTED,111038,fd9ff705b0683474f4c25074fa4558512234f92dcfd7022198dd1b0c563c7738,4f88497041f2807a9d5eee7706a27d2f1ccc81ca363efc0dab0daa8ee4778530,true,DATE_AFTER_DELIVERY,,1
batch_001,encounters_athena_clinics.csv,733,ATHENA_CLINICS,VERSION,VERSION_DQ,ACCEPTED,131402,3ff1a6e8fec84f42ca448a1206aa6cf7ffb074861f4258a7c435ee6a913e6fc3,cc5f0be36e26cdffb6d24b049b5294571395c644c751cde647909c1d49c4c338,true,FACILITY_UNRESOLVED,,1
batch_001,encounters_athena_clinics.csv,778,ATHENA_CLINICS,VERSION,VERSION_DQ,ACCEPTED,132043,27c3081220589159c7808f6ed9b03545fef140162b9b0757e7f07e57ecafb27a,1feb98d70b1cbc730d6ad897c48ea6b23d6ee687453355227b6adc1d084abbce,false,FACILITY_UNRESOLVED,,1
batch_001,encounters_athena_clinics.csv,819,ATHENA_CLINICS,VERSION,VERSION_DQ,ACCEPTED,128186,badd7a7ddcec7cb3b1b9cf43eaf2a92fd64d17ebb948b03d2fe9fa184d91a6bb,285c3e6d62be0990ab79b7bef1f314fcb2f62ed5200a2834a1a0f8cb15c5737c,true,FACILITY_UNRESOLVED,,1
batch_001,encounters_athena_clinics.csv,836,ATHENA_CLINICS,VERSION,VERSION_DQ,ACCEPTED,116824,b8692f6ece3a46334108a043da2ef03b090f26d8876939781899dc9781ee7e5e,6232ad66cb2e64ed86347370cc70f0fb6f0b30c9977a171f2dbf3b005c41d38b,true,FACILITY_UNRESOLVED,,1
batch_001,encounters_athena_clinics.csv,839,ATHENA_CLINICS,VERSION,VERSION_DQ,ACCEPTED,121203,06a0fbccdaea60bd75fc4954ff16d4638180df796dafd86f83fbdeb7357d613b,e3953b4ad8f4fe101f8d20194bcf5be64094ed944f0bc266ff044c93aa433d3f,true,FACILITY_UNRESOLVED,,1
batch_001,encounters_athena_clinics.csv,853,ATHENA_CLINICS,VERSION,VERSION_DQ,ACCEPTED,127835,70214919ead9004b9e233407198149c55dbba1fdd72ea9533ec8a922928c48f3,33fa2d0ee09b23659cac717d1186e7d36151a14c5648351a4842abc25b6a9f19,true,FACILITY_UNRESOLVED,,1
batch_001,encounters_athena_clinics.csv,876,ATHENA_CLINICS,VERSION,VERSION_DQ,ACCEPTED,117616,8d7f50cb746adb0e0283e1228e54cd68b66f2c44517f25e9cf4a20c5c1d17c9f,de19be25df0611abf88bd7c5066b259d3cfd2008c62d1bc550179e1b73d1e30e,true,FACILITY_UNRESOLVED,,1
batch_001,encounters_athena_clinics.csv,953,ATHENA_CLINICS,VERSION,VERSION_DQ,ACCEPTED,104644,aa7f487e43e2329dd9d2bf254171d508a2aab6dada98e9b9ca9df3ec7d926201,6fb79fbc3294eb1002a8ce9bf953ec336f3790962535fe7a77cb666496392347,true,FACILITY_UNRESOLVED,,1
batch_001,encounters_athena_clinics.csv,988,ATHENA_CLINICS,VERSION,VERSION_DQ,ACCEPTED,132754,dd12423ae442dd6403e6e168b36e8070ce0d5ecaaa6e0cabbe7f29ea38e7adb7,9bd4c7b58543b8d5a491336b85df2f4e22084ce0b93c4edf7b5effa12363a562,true,DATE_PLACEHOLDER,,1
batch_001,encounters_athena_clinics.csv,1083,ATHENA_CLINICS,VERSION,VERSION_DQ,ACCEPTED,134910,ba1cd64ab4ef7a0fd096386432d8be8a7b463ae71f0cceba2037218bad625b24,4a7774df98fec9076fd5dade46058be8a7c3f958894aa69d2306858246ebf178,true,FACILITY_UNRESOLVED,,1
batch_001,encounters_epic_north.csv,50,EPIC_NORTH,VERSION,VERSION_DQ,ACCEPTED,E5229611,0708c6c2c29035bd421b277cec856d74fbf772e61ebbd0d7f76e86085500df90,01c19e97d33fa6ea5f610c79442546c37e7cb5ff9fbcc2fc2f7dffe2518e9ce7,true,DATE_PLACEHOLDER,,1
batch_001,encounters_epic_north.csv,115,EPIC_NORTH,VERSION,VERSION_DQ,ACCEPTED,E7567600,b5ebaca359c2850a6748b35280120dd7fee963f8db6e6a44f4ec0da2640840b3,85ef15553731773b16e64fcbce2a274b5f438301f3037fe6ec54770b103221d9,true,DATE_INVALID,,1
batch_001,encounters_epic_north.csv,395,EPIC_NORTH,VERSION,VERSION_DQ,ACCEPTED,E1883348,c0bbef2f54e08953cf4337ef9f07dd2d8dee1b0773a71885d3aa72a913eb1d2a,a39d92d964f45b664283b9cfab5667e82c777eab80ae44184cea0cd1f28195a1,true,FACILITY_UNRESOLVED,,1
batch_001,encounters_epic_north.csv,428,EPIC_NORTH,VERSION,VERSION_DQ,ACCEPTED,E6411603,15247391dac2ebed1568046e31c7ac5726fd560afd92919c69dcb634f16b8659,633ff77f3a2b27a25f16320a93dead240b2b6a3a0f6f2088b18bcf4cc94a922d,true,DATE_INVALID,,1
batch_001,encounters_epic_north.csv,484,EPIC_NORTH,VERSION,VERSION_DQ,ACCEPTED,E4979066,1f6e82fdc4ba39c9bd568df565b440c800eb9c51b241941a6b79f6df7e46ae15,93eba88ee6c21438b254590be0f8cb515f691bdf86b112e16cbbedec1697f01b,true,DATE_AFTER_DELIVERY,,1
batch_001,encounters_epic_north.csv,523,EPIC_NORTH,VERSION,VERSION_DQ,ACCEPTED,E7596338,6583537415107f69001d7567f7512f67673d5d625cdd74c68330d447afd62922,34794c98a282ffb81f5be3359f04e2fba55ebebfb8402431664f7b918b35cc71,true,DATE_INVALID,,1
batch_001,encounters_epic_north.csv,653,EPIC_NORTH,VERSION,VERSION_DQ,ACCEPTED,E8426332,074698c8d8aa2c72b733aa3bfaddfe205b1af3e454426d8c62f321edd26cd227,73a4fd13330a3fe3a9dfd4e5fdb3a7550bbf55eb0d76e938b71af15082e330b2,true,FACILITY_UNRESOLVED,,1
batch_001,encounters_epic_north.csv,687,EPIC_NORTH,VERSION,VERSION_DQ,ACCEPTED,E1395429,8e91da3d5900fc520c5d9077b1fc45ed62c15b446f155bce6d9f6044ebebff36,284cdd359f033351ec5165893fa7a3c9f35b0139b719a050317acd09d1abb8f4,true,FACILITY_UNRESOLVED,,1
batch_001,encounters_epic_north.csv,752,EPIC_NORTH,VERSION,VERSION_DQ,ACCEPTED,E7258702,0a42f5786b70bd103dd615334fb9f14121ee454c5ef6fc889a9c829ae510c3c8,03cc95ca15ac4abe7beea2d088cac23ad17e41c0581be2a770c0e220989f0f49,true,FACILITY_UNRESOLVED,,1
batch_001,encounters_epic_north.csv,890,EPIC_NORTH,VERSION,VERSION_DQ,ACCEPTED,E5899149,5fe457c40b04eba2895bdc6ee07c3524ce2ec466d2440fe4aac553cec3c82981,77339264ab5550f2b566196c70853eaaf7cf62575ff5c54c96ae7e94e733472d,true,FACILITY_UNRESOLVED,,1
batch_001,encounters_epic_north.csv,969,EPIC_NORTH,VERSION,VERSION_DQ,ACCEPTED,E9279918,22ea60b8d46a3ee52b0cd4b16553704783c8df827c3e53e771f68699a8606aa7,d530de9ecd87e64623bfddfba19bab0381b12cfba5d038b887d9b3ceb79c1577,true,DATE_INVALID,,1
batch_001,encounters_epic_north.csv,976,EPIC_NORTH,VERSION,VERSION_DQ,ACCEPTED,E1731840,b70d3584dd4f57331319f95b1cb7b75f595cc85d3781e4a9ecd6af9b7741d623,7df98a039e92bf330245c0662e69a416ac56157ab556f71b082f8548e355c324,true,FACILITY_UNRESOLVED,,1
batch_001,encounters_epic_north.csv,1098,EPIC_NORTH,VERSION,VERSION_DQ,ACCEPTED,E4423063,93901da8b338b337ccf83733bb6ec86dc1a8313c644a3a32d5cea56b6cdd13ae,2e79e2ba4f952cd041ee2942c7aeda55e8279206644b3c06dc84fed5fc34b3b4,true,DATE_INVALID,,1
batch_001,encounters_epic_north.csv,1099,EPIC_NORTH,VERSION,VERSION_DQ,ACCEPTED,E5402486,4dca971bd4b0d12073ebeb444ee07ea14f378ed3b2806496c5fd96e9c91b1487,7ea19d6e67fc6108a4470db4cf9191f651d44a6f9792c8cb1b6c70f2882b14be,true,FACILITY_UNRESOLVED,,1
batch_001,encounters_legacy_meditech.csv,123,LEGACY_MEDITECH,VERSION,VERSION_DQ,ACCEPTED,132836,0a49a981dde71295326aa6c7e68758ad7fac479ece99f1760e6ef46d718b9541,6823e3ee4b0d67279a0a7591e3e95a4563f7f23477014673f11d9e3a106c4972,true,DATE_AFTER_DELIVERY,,1
batch_001,encounters_legacy_meditech.csv,260,LEGACY_MEDITECH,VERSION,VERSION_DQ,ACCEPTED,130271,990a991230f537381189051a0e2c9dcbcfacf4fd69c6446ffc87e7cb455a0290,8acac8065424ac30c1cf47dc604739a9a00d3b71b492e41acfa06edc37fb93ef,true,DATE_INVALID,,1
batch_001,encounters_legacy_meditech.csv,276,LEGACY_MEDITECH,VERSION,VERSION_DQ,ACCEPTED,111033,55cb115cddb4c1e924b8b15dafcbd0f8235c6887f9e02f37d2523113f407a217,23805f6143faf5962b9cfadf91dd5ec5e1660f0c922ad6290de90cadc16db5fe,true,DATE_INVALID,,1
batch_002,encounters_athena_clinics.csv,32,ATHENA_CLINICS,VERSION,VERSION_DQ,ACCEPTED,101489,7e0381652b6ccbdfbfa130f775a5893864bebbf534bab43c8e60fc3ed864ab8d,37e66613230d5864ebdd09af990dfa51860daf5f239b009cfcf3638f1a6c56e4,true,FACILITY_UNRESOLVED,,1
batch_002,encounters_athena_clinics.csv,33,ATHENA_CLINICS,VERSION,VERSION_DQ,ACCEPTED,132043,27c3081220589159c7808f6ed9b03545fef140162b9b0757e7f07e57ecafb27a,006390f0ffeac1610c47a7b586c3aa9cb41d0d141974c7653009359fe9d2a895,true,FACILITY_UNRESOLVED,,1
batch_002,encounters_athena_clinics.csv,49,ATHENA_CLINICS,VERSION,VERSION_DQ,ACCEPTED,104061,ec787d8b8c3c7089d5d8d0411561f6ac3daed25541a3aa89d5494e5c984f584e,3e85e1972fa5cc57f03fce19c342fc42536f7987725bc9b91c7ee7ebbe94b204,true,FACILITY_UNRESOLVED,,1
batch_002,encounters_athena_clinics.csv,131,ATHENA_CLINICS,VERSION,VERSION_DQ,ACCEPTED,128815,34874a82e30dc6ce06d8e580f26878bfcb9c6f16ad016a23fcbfa53e33c31b12,f105d3b734f132d28decb07a8e54c43bc0ce93bbbd4197488eb1b14982ff50d0,true,FACILITY_UNRESOLVED,,1
batch_002,encounters_epic_north.csv,142,EPIC_NORTH,VERSION,VERSION_DQ,ACCEPTED,E2456755,0a60cbed6ea8cf02dcba0857b028c0c6eb4f3aa3df3095e9901979645a07d2c6,5109d3101e9964934f2152706a8c19018473a5705017a7035a2b1b8d897f9d97,true,DATE_AFTER_DELIVERY,,1
batch_003,encounters_athena_clinics.csv,1,ATHENA_CLINICS,VERSION,VERSION_DQ,ACCEPTED,119665,6d7ae27adaddbfc8e7924ec016ea3f08aaaa6438a5e45ec3e475617fac58c5e2,9dc8b44865c82a82211a253ce7f80cf8446eb74cf569d34d7380982649589870,true,FACILITY_UNRESOLVED,,1
batch_004,encounters_athena_clinics.csv,,ATHENA_CLINICS,FILE,BATCH_VALIDATION,REJECTED,,,,,SIBLING_FILE_REJECTED,SIBLING_FILE_REJECTED,22
batch_004,encounters_epic_north.csv,,EPIC_NORTH,FILE,BATCH_VALIDATION,REJECTED,,,,,MALFORMED_RECORD|ROW_COUNT_MISMATCH|SHA256_MISMATCH,"SHA256_MISMATCH; MALFORMED_RECORD(record=18,fields=3,expected=21); ROW_COUNT_MISMATCH(expected=22,received=18)",18
batch_004,encounters_legacy_meditech.csv,,LEGACY_MEDITECH,FILE,BATCH_VALIDATION,REJECTED,,,,,SIBLING_FILE_REJECTED,SIBLING_FILE_REJECTED,22
