source_system,source_record_id,facility_name,patient_mrn,patient_first_name,patient_last_name,patient_dob,patient_sex,patient_zip,patient_phone,admit_date,discharge_date,encounter_type,attending_npi,attending_provider_name,primary_dx_code,chief_complaint,payer_name,billed_amount,claim_status,last_updated_ts
EPIC_NORTH,E9096265,St. Brendan Medical Center,EN1003169,William,Kim,02/01/1947,M,54105,(608) 555-0197,2023-06-21,2023-06-22,Emergency,1860320807,"Schultz, Rebecca",N186,"missed dialysis session, feeling weak",Medicare,644.00 USD,Paid in Full,2023-07-06T11:51:26Z
EPIC_NORTH,E3239417,Lakeshore General Hospital,EN1005255,Barbara,Olson,1985-07-25,F,53251,(262) 555-0197,2023-12-27,2023-12-27,ER,1447294053,"Peterson, Samuel",S93.401A,head injury after a fall,State Medicaid Plan,"$2,234.14",Rejected,2025-01-12T06:17:42Z
EPIC_NORTH,E5413227,Lakeshore General Hospital,EN1007330,Noah,Hansen,08/18/1960,M,53213,(414) 555-0193,4/10/2023,04/10/2023,ED,1447294053,"Peterson, Samuel",I50.9,shortness of breath and leg swelling for several days,State Medicaid Plan,"2,090.36 USD",VOIDED,2025-01-10T15:31:53Z
EPIC_NORTH,E3790803,Saint Brendan Medical Center,EN1002193,Omar,Garcia,1991-02-14,M,53271,(414) 555-0139,2024-09-05,2024-09-09,inpatient admission,1105218543,"Young, Tyler",J45901,asthma flare after a cold,BCBS,$ 9112.76,PAID,2024-10-03T19:35:07Z
EPIC_NORTH,E7142769,Lakeshore Gen Hosp,EN1008656,Fatima,Nguyen,1955-03-08T00:00:00,F,53219,(262) 555-0122,2024-11-15,2024-11-16,EMERGENCY DEPT,1871689760,"Walker, Ashley",J44.1,productive cough with low oxygen readings at home,Medicare,$623.13,Paid,2025-01-09T00:54:44Z
EPIC_NORTH,E8635156,LAKESHORE GENERAL HOSPITAL,EN1008492,Steven,Smith,1980-12-26,M,53716,(414) 555-0126,09/13/2023,9/13/2023,OP,1701079810,"Hall, Linda",R10.9,fever for two days,Medicare,$280.44,Paid,2023-09-18T02:06:57Z
EPIC_NORTH,E1891021,St Brendan Medical Center,EN1007856,Ashley,Novak,07/15/1945,F,54127,(262) 555-0199,07/14/2023,07/15/2023,ER,1229836956,Dr. Joshua Nelson,J44.1,"short of breath, using rescue inhaler more often",MEDICARE PART A,$7.55K,Closed - Paid,2025-01-12T10:18:18Z
EPIC_NORTH,E1592274,St. Brendan Medical Center,EN1001802,Minh S,Jensen,1976-02-26,M,53104,(414) 555-0166,2024-12-19,12/19/2024,ED,1229836956,"Nelson, Joshua",I10,blood pressure check,AETNA INC,1469.61,SUBMITTED,2024-12-31T22:05:28Z
EPIC_NORTH,E5693211,LAKESHORE GENERAL HOSPITAL,EN1005577,Joseph,Jackson,09/27/1960,M,53152,(920) 555-0142,03/02/2024,,Office Visit,1440029787,"Young, Olivia",Z00.00 - Encounter for general adult medical examination without abnormal findings,annual physical,UnitedHealthcare,347.16 USD,Paid in Full,2024-03-03T23:19:49Z
EPIC_NORTH,E4392402,Lakeshore General Hospital,EN1003937,Barbara,Miller,10/02/1975,F,61046,(815) 555-0194,"Oct 4, 2023",,,1701079810,"Hall, Linda",Z00.00,flu shot,Tricare,1753.08,DENIED,2023-10-10T15:09:02Z
EPIC_NORTH,E5726151,Lakeshore General Hospital,EN1001425,Fatima,Garcia-Lopez,01/19/1937,F,53794,(608) 555-0176,4/4/2023,2023-04-15,INPT,1472671472,Dr. Mei King,I21.9,crushing chest pain spreading to left arm,State Medicaid Plan,62415.31,Paid,2025-01-09T08:16:01Z
EPIC_NORTH,E5320527,Lakeshore Gen Hosp,EN1003562,Priya,Lee,1959-02-11,F,54387,(414) 555-0143,2023-09-04T00:00:00,09/06/2023,Observation,1787680457,Dr. Lisa Moore,I10,headache with elevated blood pressure,MEDICARE PART A,"USD 7,418.74",DENIED,2025-01-07T03:55:09Z
EPIC_NORTH,E7319500,Lakeshore General Hospital,EN1008634,William,Miller,"Mar 14, 1982",M,53154,(608) 555-0138,"Nov 13, 2024",2024-11-24,Inpatient,1701079810,Dr. Linda Hall,J189,burning on urination,CIGNA HEALTH,27040.13,PAID,2025-01-10T04:49:20Z
EPIC_NORTH,E7935318,St. Brendan Medical Center,EN1003545,William,Williams,1986-11-03T00:00:00,M,52445,(319) 555-0181,2024-12-10T00:00:00,12/13/2024,Inpatient,1771884131,"Thompson, Karen", N18.6 ,swelling and reduced urine output,Cigna,"USD 91,551.56",Submitted,2025-01-03T05:59:21Z
EPIC_NORTH,E8575374,St. Brendan Medical Center,EN1002828,Jessica,Wagner,2/15/1944,F,54348,(262) 555-0121,2024-11-20,2024-11-23T00:00:00,inpatient admission,1642524775,"Hall, Sarah", I50.22 ,shortness of breath and leg swelling for several days,Medicare,"$21,472.28",Paid,2025-01-07T11:53:44Z
EPIC_NORTH,E5502852,Maple Grove Pediatrics ,EN1008308,Elizabeth,O'Brien,09/14/2009,F,54169,(608) 555-0196,12/14/2024,,Video Visit,1541465906,"Johnson, Samuel",J06.9,burning on urination,Aetna,$213.90,Pending,2024-12-23T21:27:50Z
EPIC_NORTH,E9355967,Lakeshore General Hospital,EN1000019,Rebecca,Rodriguez,1973-01-31,F,53213,(920) 555-0111,07/23/2023,7/23/2023,ER,1447294053,Dr. Samuel Peterson,E11.65,confusion with very high glucose,Workers Comp,$618.12,Paid in Full,2023-08-16T15:15:41Z
EPIC_NORTH,E3132845,St. Brendan Medical Center,EN1004215,Priya,Patel,1951-08-05,F,53216,(414) 555-0191,09/20/2024,,Outpatient,1771884131,"Thompson, Karen",E1122,diabetic follow-up and medication refill,UnitedHealthcare,USD 413.12,Paid in Full,2024-10-04T03:50:24Z
EPIC_NORTH,E6965553,St. Brendan Medical Center,EN1007024,Kevin,Peterson,02/16/1941,M,53772,(414) 555-0135,06/04/2023,2023-06-11T00:00:00,IP,1836016109,"Martinez, Michelle",J18.9,cold symptoms for a week,Medicare - Part B,"$10,827.14  ",Closed - Paid,2025-01-12T14:46:55Z
EPIC_NORTH,E8539020,Lakeshore General Hospital,EN1007324,Kevin,Peterson,11/05/1974,M,53148,(608) 555-0135,06/08/2023,06/16/2023,INPT,1778486484,"Thomas, Emily",N18.6,dialysis follow-up,UnitedHealthcare,$68.29K,Closed - Paid,2023-07-03T08:47:01Z
EPIC_NORTH,E5039137,Lakeshore General Hospital,EN1005792,Patricia,O'Brien,1954-01-24,F,54357,(608) 555-0156,2023-12-19,12/19/2023,Office Visit,1440029787,"Young, Olivia",Z00.00,well child visit,Medicare - Part B,$137.35  ,PAID,2024-01-02T20:18:12Z
EPIC_NORTH,E9338668,Maple Grove Pediatrics,EN1001631,Jacob,Schmidt,12/18/2013,M,53296,(920) 555-0122,2023-06-15T00:00:00,,TELEMED,1615846452,"O'Brien, Nancy",R509,fever for two days,MEDICAID,$285.89,Paid,2025-01-10T04:59:51Z
EPIC_NORTH,E1339016,LAKESHORE GENERAL HOSPITAL,EN1004100,Sandra,Johnson,1985-08-01,F,53169,(920) 555-0141,"Oct 25, 2023","Oct 25, 2023",EMERGENCY DEPT,1809320819,Dr. Chloe Nguyen,j44.1,"short of breath, using rescue inhaler more often",AETNA INC,$8.98K,Paid in Full,2023-11-13T22:14:13Z
EPIC_NORTH,E1836474,Lakeshore General Hospital,EN1006424,Elizabeth,Larson,1958-01-18,F,53710,(608) 555-0110,2023-03-22,"Mar 31, 2023",inpatient admission,1440029787,"Young, Olivia",I50.9,"unable to lie flat at night, ankle edema",MEDICAID,"$53,626.10",Closed - Paid,2025-01-06T17:41:34Z
EPIC_NORTH,E5452132,St. Brendan's Medical Center,EN1006754,Chloe,Young,04/09/1954,F,53725,(608) 555-0181,2023-07-27,2023-07-30,IN-PATIENT,1682052588,"Wright, James",J18.9,sore throat and fever,Medicare,25950.58,Closed - Paid,2025-01-09T06:49:18Z
EPIC_NORTH,E3242940,St. Brendan Medical Center,EN1008143,Samuel,Taylor,1986-12-31,M,53115,(608) 555-0198,"Nov 24, 2024","Dec 6, 2024",IN-PATIENT,1008754750,Dr. Katherine Hoffman,I63.9,slurred speech and facial droop,UHC,$ 29403.54,Paid,2025-01-11T18:26:50Z
EPIC_NORTH,E8497053,St. Brendan Medical Center,EN1002733,Linda M,Jones,10/20/1936,F,54337,(920) 555-0126,"Dec 12, 2024",2024-12-14,Obs Stay,1642524775,"Hall, Sarah",I50.22,"unable to lie flat at night, ankle edema",Medicare - Part B,"USD 4,921.14",SUBMITTED,2024-12-21T21:20:14Z
EPIC_NORTH,E1584979,St. Brendan Medical Center,EN1008370,Rebecca,Taylor,1957-10-18T00:00:00,F,53187,(414) 555-0119,5/31/2023,2023-06-01,EMERGENCY DEPT,1028382228,"Wilson, Chloe",E1165,diabetic follow-up and medication refill,Medicare - Part B,"$2,685.59",Paid in Full,2025-01-09T12:04:17Z
EPIC_NORTH,E7976360,Lakeshore General Hospital,EN1001521,Omar,Becker,1954-08-11,M,53173,(414) 555-0147,12/14/2023,12/23/2023,IN-PATIENT,1309114175,"King, Hannah",J18.9,sore throat and fever - callback (414) 555-0147,Medicare,"$90,996.44",Paid in Full,2025-01-10T09:15:19Z
EPIC_NORTH,E9668205,lakeshore general hospital ,EN1003478,Linda,Young,1997-05-16,F,54332,(262) 555-0159,11/10/2023,2023-11-10,OP,1472671472,Dr. Mei King,R10.9,chest pain,Cigna,174.60,Paid,2025-01-06T12:22:59Z
EPIC_NORTH,E7056322,LAKESHORE GENERAL HOSPITAL,EN1007467,Ethan,White,7/2/1955,M,53281,(920) 555-0140,2023-03-03T00:00:00,2023-03-03,Emergency,1447294053,Dr. Samuel Peterson,N18.6,dialysis follow-up,Medicare,2231.55,PAID,2025-01-09T19:10:50Z
EPIC_NORTH,E2872245,St. Brendan Medical Center,EN1005039,Maria,Jones,2005-11-03T00:00:00,F,53783,(414) 555-0133,2024-09-26,9/26/2024,Emergency Room,1229836956,"Nelson, Joshua",R07.9,chest pain,Medicare - Part B,"$10,102.83  ",Closed - Paid,2025-01-07T07:50:48Z
EPIC_NORTH,E2984803,Lakeshore General Hospital,EN1004792,Carlos,Hansen,1959-09-30,M,53707,(920) 555-0198,2024-09-05,09/06/2024,ER,1871689760,Dr. Ashley Walker,e11.65,fatigue and excessive thirst,AETNA INC,"4,410.64 USD",Denied,2025-01-06T19:22:23Z
EPIC_NORTH,E4580367,St. Brendan Medical Center,EN1006107,Andrew,Novak,1983-08-10T00:00:00,M,54181,(608) 555-0137,2024-05-05,2024-05-05T00:00:00,ER,1229836956,"Nelson, Joshua",N39.0,cold symptoms for a week,Blue Cross Blue Shield,"$6,938.15  ",Paid,2025-01-10T11:11:21Z
EPIC_NORTH,E1838822,St. Brendan Medical Center,EN1002778,James,Becker,1964-04-20,M,53772,(608) 555-0144,12/10/2024,,Office Visit,1682052588,Dr. James Wright,Z23,well child visit,MEDICAID,256.34,Submitted,2024-12-30T16:29:26Z
EPIC_NORTH,E1371908,Lakeshore General Hospital,EN1007249,Ana,Hall,1/19/1961,F,54341,(262) 555-0109,12/18/2024,2024-12-18,Outpatient,1452059979,Dr. Thomas Williams, M54.50 ,joint stiffness in the morning,AETNA INC,$590.85,In Process,2025-01-07T14:55:31Z
EPIC_NORTH,E3948254,LAKESHORE GENERAL HOSPITAL,EN1007815,Ethan,Kowalski,04/28/1948,M,54125,(262) 555-0130,12/19/2024,2024-12-20,Emergency,1871689760,Dr. Ashley Walker,S93.401A,head injury after a fall,MEDICARE PART A,$662.93  ,SUBMITTED,2024-12-26T00:31:27Z
EPIC_NORTH,E2666185,Lakeshore General Hospital,EN1004907,Margaret,Becker,7/1/1970,F,54336,(262) 555-0130,2023-04-14,2023-04-14,Emergency,1871689760,"Walker, Ashley",S93.401A,twisted ankle playing basketball,MEDICARE PART A,$638.86,Paid,2023-05-09T23:06:30Z
EPIC_NORTH,E6870824,St. Brendan Medical Center,EN1007670,JACOB,MARTINEZ,"Aug 31, 1948",M,52497,(563) 555-0180,2024-12-04,2024-12-04T00:00:00,OP,1939494823,Dr. William Jackson,E11.22,diabetic follow-up and medication refill,Medicare - Part B,"$1,380.17",Submitted,2024-12-24T23:17:05Z
EPIC_NORTH,E6060577,ST BRENDAN MED CTR,EN1003497,Mary,Moore,01/27/1954,F,52006,(563) 555-0124,07/09/2024,7/9/2024,ED,1028382228,"Wilson, Chloe", G47.33 ,dialysis follow-up,Blue Cross Blue Shield,4852.72,PAID,2024-07-31T12:32:40Z
EPIC_NORTH,E9227003,Lakeshore General Hospital,EN1006999,Richard,Johnson,"Aug 14, 1966",M,53109,(262) 555-0178,2023-04-02T00:00:00,2023-04-02,ED,1447294053,"Peterson, Samuel",R51.9,severe headache,Cigna,"$8,116.84",Void,2025-01-12T15:38:22Z
EPIC_NORTH,E1384373,St. Brendan Medical Center,EN1006548,Kevin,Wagner,03/17/1987,M,53254,(262) 555-0114,03/29/2023,2023-03-29T00:00:00,ED,1229836956,Dr. Joshua Nelson,E11.65,numbness in both feet,AETNA INC,"2,374.40 USD",Paid in Full,2025-01-09T18:39:06Z
EPIC_NORTH,E6325405,LAKESHORE GENERAL HOSPITAL,EN1008323,Priya,Young,"Jan 8, 1969",F,54139,(920) 555-0179,"Dec 19, 2024",2024-12-20,Observation,1787680457,Dr. Lisa Moore,J44.1 - Chronic obstructive pulmonary disease with (acute) exacerbation,"short of breath, using rescue inhaler more often",AETNA INC,"$17,202.24",Submitted,2025-01-09T17:45:05Z
EPIC_NORTH,E4588971,Maple Grove Pediatric Clinic,EN1005683,Daniel,Thomas,2023-02-09,M,53275,(920) 555-0181,2024-11-30,2024-11-30,Telehealth,1541465906,"Johnson, Samuel", R50.9 ,chest pain,BCBS,$75.77,Paid,2025-01-08T04:17:35Z
EPIC_NORTH,E5418926,Maple Grove Pediatrics,EN1001403,Ethan,Peterson,2014-01-25T00:00:00,M,53733,(262) 555-0163,"Jul 9, 2024",07/09/2024,Clinic Visit,1895579906,Dr. Thomas Davis, Z00.129 ,flu shot,AETNA INC,$168.76,PAID,2024-07-14T19:04:07Z
EPIC_NORTH,E5539654,Lakeshore General Hospital,EN1003996,Jennifer,Nelson,07/20/1933,F,53189,(608) 555-0174,2024-12-15,12/20/2024,IP,1139986982,"Schmidt, Anthony",I50.9,shortness of breath and leg swelling for several days,Medicare - Part B,"USD 11,291.00",Pending,2024-12-28T15:56:24Z
EPIC_NORTH,E9213543,Lakeshore General Hospital,EN1001038,Ethan,Johnson,1966-11-05,M,53280,(920) 555-0178,12/14/2024,2024-12-14,ED,1447294053,Dr. Samuel Peterson, N18.6 ,"missed dialysis session, feeling weak",Blue Cross Blue Shield,"$5,653.28  ",SUBMITTED,2024-12-18T12:29:15Z
EPIC_NORTH,E1006227,Saint Brendan Medical Center,EN1006079,Emily,Lopez,05/22/1979,F,53795,(920) 555-0107,08/21/2023,08/21/2023,ER,1860320807,"Schultz, Rebecca",R07.9,fever for two days,Blue Cross Blue Shield,"11,757.37 USD",Paid,2025-01-11T20:18:36Z
EPIC_NORTH,E4232902,St. Brendan Medical Center,EN1002268,Luis,Van Dyke,1956-11-19,M,53101,(262) 555-0140,2024-06-11,2024-06-11T00:00:00,ED,1860320807,"Schultz, Rebecca",N18.6,dialysis follow-up,UnitedHealthcare,587.67,Paid in Full,2025-01-07T11:07:51Z
EPIC_NORTH,E6779430,St. Brendan Medical Center,EN1004320,Mei,White,06/14/1961,F,53152,(608) 555-0195,"Jan 28, 2023",2023-02-03,INPT,1642524775,"Hall, Sarah",J44.1,increased cough and wheezing,UnitedHealthcare,"$39,908.95",Cancelled,2025-01-13T02:10:14Z
EPIC_NORTH,E6720893,ST BRENDAN MED CTR,EN1003497,Mary,Moore,1954-01-27T00:00:00,F,52006,(563) 555-0124,01/02/2024,2024-01-02,Outpatient,1642524775,"Hall, Sarah",N18.4,kidney function review,Aetna,1521.33,DENIED,2025-01-10T17:22:15Z
EPIC_NORTH,E1842108,Lakeshore General Hospital,EN1001302,Chloe,Thompson,1968-02-22,F,53293,(262) 555-0127,2024-02-05,,Out Patient,1472671472,Dr. Mei King,E10.9,numbness in both feet,AETNA INC,"1,304.26 USD",Rejected,2024-02-28T18:15:16Z
EPIC_NORTH,E3168433,St. Brendan Medical Center,EN1000651,Karen,Young,1957-12-13,F,54155,(608) 555-0111,09/29/2023,10/03/2023,IP,1105218543,Dr. Tyler Young,I10,hypertension follow-up,Medicare,"$33,086.02",Closed - Paid,2025-01-07T13:58:01Z
EPIC_NORTH,E5287058,LAKESHORE GENERAL HOSPITAL,EN1008235,Laura,White,1965-06-10,F,54315,(608) 555-0103,2023-12-28,,Outpatient,1984162291,"Hansen, Brian",I10,hypertension follow-up,Cigna,"$2,424.83",Paid,2025-01-10T08:51:49Z
EPIC_NORTH,E5005388,Lakeshore General Hospital,EN1007363,Sarah,Jackson,1948-12-22,F,54111,(414) 555-0135,11/02/2023,,Clinic Visit,1701079810,Dr. Linda Hall,Z23,flu shot,UnitedHealthcare,195.66,PAID,2023-11-06T01:51:55Z
EPIC_NORTH,E1050924,Lakeshore General Hospital,EN1006449,Mary R,Jones,1995-06-18,F,53200,(608) 555-0191,2023-10-08,2023-10-16,Inpatient,1472671472,Dr. Mei King,J45.901,asthma flare after a cold,Blue Cross Blue Shield,"$14,857.28",PAID,2025-01-11T00:16:07Z
EPIC_NORTH,E3289195,St. Brendan Medical Center,EN1000561,Minh,Martin,1965-06-11,M,54311,(608) 555-0183,06/19/2024,2024-06-20,Emergency Room,1860320807,"Schultz, Rebecca",R07.9,abdominal pain since morning,Tricare,1346.89,Paid in Full,2025-01-09T11:22:35Z
EPIC_NORTH,E4465624,St. Brendan Medical Center,EN1007603,Rebecca,Kowalski,08/19/1991,F,54191,(414) 555-0197,08/27/2023,2023-08-27T00:00:00,ED,1860320807,"Schultz, Rebecca",N39.0,cold symptoms for a week,Cigna,"$8,607.36",Closed - Paid,2023-09-19T10:07:07Z
EPIC_NORTH,E3424192,Lakeshore Gen Hosp,EN1008235,Laura,White,06/10/1965,F,54315,(608) 555-0103,2024-10-13,10/14/2024,INPT,1452059979,"Williams, Thomas",I10,hypertension follow-up,Cigna,46132.96,Void,2024-10-21T03:44:08Z
EPIC_NORTH,E9585619,Maple Grove Pediatric Clinic,EN1003157,David,O'Brien,11/30/2019,M,53114,(608) 555-0144,2024-02-11,02/11/2024,Outpatient,1615846452,"O'Brien, Nancy",J06.9,sore throat and fever,IA Medicaid,$220.79,Paid,2025-01-09T00:07:25Z
EPIC_NORTH,E2592616,Lakeshore Gen Hosp,EN1005943,Ryan,Becker,1980-08-26T00:00:00,M,54344,(262) 555-0103,2024-11-24,11/24/2024,Out Patient,1787680457,"Moore, Lisa",R10.9,abdominal pain since morning,UnitedHealthcare,$335.11,Paid,2025-01-10T01:33:14Z
EPIC_NORTH,E5771544,St. Brendan Medical Center,EN1002193,Omar,Garcia,02/14/1991,M,53271,(414) 555-0139,2024-08-02,08/05/2024,IP,1939494823,Dr. William Jackson,J45.901 - Unspecified asthma with (acute) exacerbation,"chest tightness, inhaler not helping",AETNA INC,"USD 8,668.45",Closed - Paid,2025-01-11T04:07:35Z
EPIC_NORTH,E2289534,Saint Brendan Medical Center,EN1003169,William,Kim,1947-02-01,M,54105,(608) 555-0197,12/12/2024,2024-12-24,Inpatient,1642524775,"Hall, Sarah",I63.9,slurred speech and facial droop,MCR,"USD 90,233.74",SUBMITTED,2025-01-10T00:18:57Z
EPIC_NORTH,E9154808,St Brendan Medical Center,EN1003465,Ashley,Schmidt,1931-07-16,F,53119,(262) 555-0195,2024-12-20,2024-12-31,Inpatient,1129110288,"Jensen, Susan",E11.65,diabetic follow-up and medication refill,MEDICARE PART A,"$16,197.28  ",Submitted,2025-01-12T10:01:38Z
EPIC_NORTH,E1641480,LAKESHORE GENERAL HOSPITAL,EN1000019,Rebecca,Rodriguez,01/31/1973,F,53213,(920) 555-0111,12/8/2023,12/09/2023,Emergency Room,1871689760,"Walker, Ashley",E11.65,confusion with very high glucose,TRICARE,1584.15,CANCELLED,2025-01-11T20:42:20Z
EPIC_NORTH,E1454027,Maple Grove Pediatrics,EN1005423,Nancy,Davis,2017-02-28T00:00:00,F,53160,(414) 555-0183,2024-12-14,2024-12-14,Outpatient,1541465906,Dr. Samuel Johnson,Z23,flu shot,Medicaid,245.34,Pending,2024-12-30T12:05:34Z
EPIC_NORTH,E3433273,Lakeshore General Hospital,EN1008625,Ana,Brown,1947-11-15,F,53157,(262) 555-0104,03/02/2023,"Mar 3, 2023",inpatient admission,1452059979,Dr. Thomas Williams,I63.9,slurred speech and facial droop,MCR,"$86,896.35",Paid in Full,2023-03-25T20:51:28Z
EPIC_NORTH,E9096265,ST BRENDAN MED CTR,EN1003169,William,Kim,1947-02-01,M,54105,(608) 555-0197,06/21/2023,06/22/2023,Emergency Room,1860320807,"Schultz, Rebecca",N18.6,"missed dialysis session, feeling weak",MEDICARE PART A,$665.62,Paid in Full,2025-01-06T07:11:17Z
EPIC_NORTH,E1356743,Maple Grove Pediatrics,EN1001888,Sofia,Hall,,F,54143,(920) 555-0116,09/21/2023,2023-09-21T00:00:00,OP,1541465906,"Johnson, Samuel",J02.9,sore throat and fever,Medicaid,$519.69,Paid in Full,2023-09-27T15:05:05Z
EPIC_NORTH,E8142350,St. Brendan Medical Center,EN1007856,Ashley,Novak,1945-07-15T00:00:00,F,54127,(262) 555-0199,2024-12-14,2024-12-21T00:00:00,IN-PATIENT,1105218543,Dr. Tyler Young,I63.9,slurred speech and facial droop,MCR,14560.30,Pending,2025-01-12T20:43:06Z
EPIC_NORTH,E1704593,St. Brendan Medical Center,EN1002193,Omar,Garcia,1991-02-14T00:00:00,M,53271,(414) 555-0139,2024-10-08,,Clinic Visit,1682052588,Dr. James Wright,Z23,flu shot,Aetna,149.82,Paid,2025-01-11T12:00:23Z
EPIC_NORTH,E1799789,lakeshore general hospital ,EN1000857,Joseph,Wright,1986-06-09,M,53202,(608) 555-0116,2024-07-17,2024-07-17T00:00:00,Out Patient,1701079810,"Hall, Linda",N18.4,"missed dialysis session, feeling weak",CIGNA HEALTH,$346.99,Paid in Full,2025-01-06T18:39:19Z
EPIC_NORTH,E8021513,Lakeshore General Hospital,EN1004669,Maria,Wagner,1938-01-27,F,53233,(262) 555-0126,10/27/2023,10/29/2023,IN-PATIENT,1778486484,Dr. Emily Thomas,A41.9,fever and cough,Medicare - Part B,"63,126.84 USD",Closed - Paid,2023-11-03T05:24:10Z
EPIC_NORTH,E6812954,lakeshore general hospital ,EN1007249,Ana,Hall,01/19/1961,F,54341,(262) 555-0109,2024-12-16,2024-12-28,inpatient admission,1452059979,Dr. Thomas Williams,E11.65,confusion with very high glucose,Blue Cross Blue Shield,"USD 10,709.05",Submitted,2025-01-12T17:04:02Z
EPIC_NORTH,E3924619,Lakeshore General,EN1002102,Luis,Lewis,"Oct 2, 1971",M,53252,(608) 555-0142,07/19/2023,07/20/2023,Emergency,1447294053,Dr. Samuel Peterson,N390,fever and cough,AETNA INC,"$1,218.68",Paid in Full,2023-07-23T04:15:18Z
EPIC_NORTH,E2818119,Lakeshore Gen Hosp,EN1007275,Katherine,White,12/3/1990,F,54119,(262) 555-0198,2023-10-23T00:00:00,11/01/2023,Inpatient,1472671472,"King, Mei",A41.9,burning on urination,Aetna,"USD 13,823.32",PAID,2025-01-09T16:14:02Z
EPIC_NORTH,E8683443,MAPLE GROVE PEDS,EN1005599,Katherine,Moore,11/14/2011,F,54345,(262) 555-0194,2024-10-27,2024-10-27,Office Visit,1410646008,"Hernandez, Matthew",Z23,well child visit,IA Medicaid,207.39 USD,PAID,2025-01-12T20:35:19Z
EPIC_NORTH,E2457624,Lakeshore General Hospital,EN1001425,Fatima,Garcia-Lopez,1937-01-19,F,53794,(608) 555-0176,2023-06-01,6/3/2023,OBS,1536455680,Dr. Noah Kowalski,R10.9,fever for two days,Medicaid,$ 7003.47,Paid,2023-06-18T21:20:36Z
EPIC_NORTH,E1416613,Maple Grove Pediatrics ,EN1006338,Aaron,Hernandez,2018-08-10,M,53128,(262) 555-0195,2023-11-15,,Clinic Visit,1615846452,"O'Brien, Nancy","J02.9 - Acute pharyngitis, unspecified",confusion and high fever,Aetna,$558.64,DENIED,2023-11-29T13:42:42Z
EPIC_NORTH,E2454407,St. Brendan Medical Center,EN1007024,Kevin,Peterson,02/16/1941,M,53772,(414) 555-0135,2024-02-29T00:00:00,2024-02-29,ED,1860320807,"Schultz, Rebecca",S93.401A,"fell on outstretched hand, wrist pain",MEDICARE PART A,"$1,624.58",Paid,2025-01-10T00:34:36Z
EPIC_NORTH,E7545634,Maple Grove Pediatric Clinic,EN1003304,Rajesh,Nguyen,2013-05-16,M,53103,(920) 555-0141,2024-12-20,,OP,1895579906,"Davis, Thomas",Z00.129,annual physical,IA Medicaid,1489.60,In Process,2025-01-06T11:02:26Z
EPIC_NORTH,E5321590,lakeshore general hospital ,EN1005755,Ana,Kowalski,1964-01-10,F,53224,(920) 555-0101,2023-06-19,,Office Visit,1440029787,Dr. Olivia Young,M54.50,low back pain after lifting,CIGNA HEALTH,"$1,439.64",Paid in Full,2025-01-07T14:46:20Z
EPIC_NORTH,E3116736,St. Brendan Medical Center,EN1002828,Jessica,Wagner,2/15/1944,F,54348,(262) 555-0121,2024-11-07,2024-11-08,Observation,1771884131,"Thompson, Karen",I50.22 - Chronic systolic (congestive) heart failure,"heart failure follow-up, fluid tablets review",Medicare - Part B,"$14,976.82",Paid in Full,2025-01-12T20:50:05Z
EPIC_NORTH,E7071281,Lakeshore General,EN1007731,Ethan,Anderson,"Mar 27, 1967",M,53118,(920) 555-0104,06/07/2023,2023-06-07T00:00:00,ER,1871689760,"Walker, Ashley",J44.1,"COPD review, breathing stable",,1429.60,PAID,2023-07-02T14:02:39Z
EPIC_NORTH,E2115387,Lakeshore General Hospital,EN1006637,Sandra,Wright,05/19/1980,F,54181,(262) 555-0145,12/8/2024,2024-12-09,Emergency,1447294053,Dr. Samuel Peterson,S060X0A,head injury after a fall,Self Pay,"5,603.53 USD",In Process,2024-12-31T23:11:09Z
EPIC_NORTH,E4208459,Saint Brendan Medical Center,EN1005579,Linda,Jackson,1985-07-30,F,54340,(920) 555-0184,2024-09-24,2024-10-02,INPT,1008754750,Dr. Katherine Hoffman,J44.1,productive cough with low oxygen readings at home,Self Pay,$10.23K,Closed - Paid,2024-10-23T20:25:44Z
EPIC_NORTH,E8036795,St. Brendan Medical Center,EN1007489,Rebecca,Novak,1950-10-05,F,54108,(608) 555-0102,05/21/2024,,Outpatient,1939494823,"Jackson, William",I50.22,"unable to lie flat at night, ankle edema",Medicare,$ 210.96,Paid in Full,2024-06-08T11:33:24Z
EPIC_NORTH,E2292298,Maple Grove Pediatrics,EN1006338,Aaron,Hernandez,2018-08-10,M,53128,(262) 555-0195,2024-10-04,,Telehealth,1895579906,Dr. Thomas Davis,R50.9,chest pain,Aetna,$70.36,PAID,2024-10-29T08:56:53Z
EPIC_NORTH,E5072153,St. Brendan Medical Center,EN1003621,Fatima,Miller,03/09/1995,F,53704,(920) 555-0110,2024-12-03T00:00:00,2024-12-04,Emergency,1229836956,"Nelson, Joshua",S52.501A,twisted ankle playing basketball,UHC,"$3,175.91",Submitted,2024-12-13T23:49:47Z
EPIC_NORTH,E5251832,Lakeshore General Hospital,EN1003562,Priya,Lee,"Feb 11, 1959",F,54387,(414) 555-0143,"May 10, 2023",05/10/2023,Emergency,1447294053,"Peterson, Samuel",I10,blood pressure check,MCR,10889.81,Paid in Full,2025-01-06T21:28:34Z
EPIC_NORTH,E1341690,Lakeshore General Hospital,EN1007372,Kevin L,Miller,1943-03-11,M,53142,(262) 555-0145,2024-03-29,2024-04-06,inpatient admission,1139986982,"Schmidt, Anthony",I10,blood pressure check,MEDICAID,"$16,836.71",Paid in Full,2025-01-12T20:11:24Z
EPIC_NORTH,E4959329,Maple Grove Pediatrics,EN1002385,Tyler,Miller,10/09/2015,M,53718,(920) 555-0166,2024-12-05,,Virtual,1541465906,"Johnson, Samuel",R50.9,abdominal pain since morning,MEDICAID,$259.19,In Process,2024-12-18T10:04:48Z
EPIC_NORTH,E7976360,Lakeshore General Hospital,EN1001521,Omar,Becker,1954-08-11,M,53173,(414) 555-0147,12/14/2023,12/23/2023,IN-PATIENT,1309114175,"King, Hannah","J18.9 - Pneumonia, unspecified organism",sore throat and fever - callback (414) 555-0147,Medicare - Part B,"77,464.68 USD",Paid,2024-01-17T07:28:57Z
EPIC_NORTH,E4011473,ST BRENDAN MED CTR,EN1008581,Jessica,Wagner,1984-08-06,F,53756,(262) 555-0139,2024-02-28,03/06/2024,IP,1008754750,Dr. Katherine Hoffman,I10 - Essential (primary) hypertension,blood pressure check,Tricare,"USD 9,328.59",CANCELLED,2025-01-10T20:58:31Z
EPIC_NORTH,E3428495,Saint Brendan Medical Center,EN1002591,Anthony,Martinez,2/8/1971,M,53131,(414) 555-0197,2024-12-19,,Office Visit,1105218543,"Young, Tyler",Z0000,flu shot,BCBS,$358.30,Pending,2024-12-31T06:27:33Z
EPIC_NORTH,E9617201,Lakeshore General Hospital,EN1000895,Luis,Hernandez,1960-05-14,M,53128,(608) 555-0180,2024-11-23,"Nov 24, 2024",IN-PATIENT,1472671472,"Olson, Mei",I50.22,"worsening breathlessness on exertion, weight up 3 kg",BCBS,61202.39,Paid,2025-01-10T10:36:38Z
EPIC_NORTH,E2067261,St. Brendan Medical Center,EN1006483,Daniel,Novak,5/25/1977,M,54131,(414) 555-0133,"Apr 11, 2023",2023-04-16,INPT,1642524775,"Hall, Sarah",A41.9,cold symptoms for a week,CIGNA HEALTH,41332.46,Paid in Full,2025-01-07T17:35:02Z
EPIC_NORTH,E3721405,Lakeshore Gen Hosp,EN1005424,Ryan,Nguyen,1991-10-03,M,53702,(262) 555-0109,04/23/2024,"Apr 25, 2024",Observation,1536455680,Dr. Noah Kowalski,R07.9,fever for two days,MEDICARE PART A,"13,263.51 USD",VOIDED,2025-01-07T03:47:01Z
EPIC_NORTH,E2667571,Lakeshore General Hospital,EN1001622,Karen,Becker,01/28/1946,F,53173,(608) 555-0170,2024-05-04,2024-05-12,inpatient admission,1472671472,"King, Mei",j18.9,cold symptoms for a week,Medicare - Part B,14037.70,Paid,2025-01-07T04:06:09Z
EPIC_NORTH,E3160456,St. Brendan Medical Center,EN1001110,Minh,Jensen,12/09/1965,M,53140,(414) 555-0109,2023-12-30,01/07/2024,Inpatient,1939494823,"Jackson, William",n18.6,dialysis follow-up,TRICARE,18787.12,Void,2024-01-08T19:40:23Z
EPIC_NORTH,E4356482,St. Brendan Medical Center,EN1006963,Ana,Smith,12/20/1957,F,52022,(319) 555-0104,2024-12-05,,Office Visit,1939494823,"Jackson, William",E119,confusion with very high glucose,Medicare - Part B,$449.88,In Process,2024-12-19T23:17:34Z
EPIC_NORTH,E4418536,lakeshore general hospital ,EN1002993,Hannah,Jensen,07/31/1963,F,53156,(920) 555-0128,2024-02-13,2024-02-13,Obs Stay,1536455680,"Kowalski, Noah",I5022,"worsening breathlessness on exertion, weight up 3 kg",TRICARE,"15,839.20 USD",Paid in Full,2024-02-19T15:12:12Z
EPIC_NORTH,E1253036,Lakeshore General Hospital,EN1002033,Minh,Martinez,01/21/1956,M,52052,(563) 555-0111,12/09/2023,2023-12-17,inpatient admission,1536455680,"Kowalski, Noah",J44.1 - Chronic obstructive pulmonary disease with (acute) exacerbation,increased cough and wheezing,Medicare - Part B,"$93,843.22",Closed - Paid,2025-01-06T10:06:28Z
EPIC_NORTH,E3004274,St Brendan Medical Center,EN1003724,Priya,Hoffman,1950-12-16,F,53730,(262) 555-0145,2024-05-23,2024-05-23,Emergency,1028382228,"Wilson, Chloe", S52.501A ,twisted ankle playing basketball,Aetna,see itemized bill,Paid in Full,2024-06-09T19:49:43Z
EPIC_NORTH,E4785753,LAKESHORE GENERAL HOSPITAL,EN1003221,Steven,Lopez,12/04/1981,M,53731,(262) 555-0140,1/11/2024,2024-01-13,IP,1309114175,"King, Hannah",J44.1,"COPD review, breathing stable",IA Medicaid,"$31,594.81",Closed - Paid,2025-01-07T04:31:09Z
EPIC_NORTH,E8876545,Lakeshore General Hospital,EN1001038,Ethan,Johnson,11/05/1966,M,53280,(920) 555-0178,2024-07-18,07/21/2024,inpatient admission,1472671472,"Olson, Mei",N18.6,"missed dialysis session, feeling weak",UnitedHealthcare,"$23,296.27",Paid in Full,2025-01-07T05:52:37Z
EPIC_NORTH,E9566372,Lakeshore General Hospital,EN1000351,Fatima,King,6/14/1963,F,52407,(319) 555-0160,12/02/2024,2024-12-06T00:00:00,IP,1472671472,"Olson, Mei",E1165,confusion with very high glucose,UnitedHealthcare,$16.24K,SUBMITTED,2024-12-11T15:46:50Z
EPIC_NORTH,E4770113,St. Brendan Medical Center,EN1004443,LUIS,DAVIS,1931-09-20T00:00:00,M,53196,(262) 555-0114,2024-10-30T00:00:00,10/30/2024,Outpatient,1682052588,Dr. James Wright,I50.32,"heart failure follow-up, fluid tablets review",MEDICARE PART A,$264.20,PAID,2025-01-06T08:45:29Z
EPIC_NORTH,E6202000,Maple Grove Pediatrics,EN1006398,Rajesh,Taylor,2009-06-05,M,54354,(414) 555-0123,10/07/2024,,OP,1410646008,"Hernandez, Matthew",J02.9,fever and cough,UHC,"1,243.86 USD",Paid in Full,2025-01-08T01:00:58Z
EPIC_NORTH,E3865085,St. Brendan Medical Center,EN1001333,Susan,Lee,7/19/1985,F,54309,(262) 555-0159,"Dec 20, 2024",2024-12-20,EMERGENCY DEPT,1229836956,"Nelson, Joshua",E11.65,fatigue and excessive thirst,Cigna,"$6,631.44",SUBMITTED,2024-12-22T08:35:05Z
EPIC_NORTH,E6291931,Lakeshore General Hospital,EN1000402,James,Novak,1/29/1948,M,53193,(414) 555-0184,03/03/2024,"Mar 3, 2024",Emergency,1447294053,"Peterson, Samuel", N18.6 ,swelling and reduced urine output,Medicare,5357.26,Paid,2025-01-08T05:54:00Z
EPIC_NORTH,E7194183,Lakeshore General Hospital,EN1005923,HANNAH,KOWALSKI,1979-08-05,F,54384,(608) 555-0169,12/20/2024,2024-12-21,IP,1472671472,Dr. Mei Olson,"I50.9 - Heart failure, unspecified",shortness of breath and leg swelling for several days,AETNA INC,65787.34,SUBMITTED,2024-12-27T11:08:35Z
EPIC_NORTH,E5667383,Lakeshore General Hospital,EN1006333,Ryan,Schultz,06/01/1959,M,54174,(262) 555-0181,2024-11-29,12/07/2024,inpatient admission,1440029787,"Young, Olivia",I50.22,"worsening breathlessness on exertion, weight up 3 kg",Blue Cross Blue Shield,"USD 10,579.91",Closed - Paid,2025-01-06T13:10:22Z
EPIC_NORTH,E1055849,Maple Grove Pediatrics,EN1001888,Sofia,Hall,,F,54143,(920) 555-0116,2024-12-20,12/20/2024,Telehealth,1410646008,Dr. Matthew Hernandez,"J06.9 - Acute upper respiratory infection, unspecified",burning on urination,State Medicaid Plan,,Submitted,2024-12-31T07:59:55Z
EPIC_NORTH,E7321153,St Brendan Medical Center,EN1005923,HANNAH,KOWALSKI,08/05/1979,F,54384,(608) 555-0169,12/11/2024,2024-12-20,IN-PATIENT,1682052588,"Wright, James",I50.22,shortness of breath and leg swelling for several days,UHC,"$8,348.42",In Process,2024-12-22T22:20:00Z
EPIC_NORTH,E6713998,St. Brendan Medical Center,EN1004415,Mark S,Lopez,10/19/1960,M,54313,(414) 555-0183,"Dec 11, 2024","Dec 12, 2024",ER,1229836956,"Nelson, Joshua",R10.9,abdominal pain since morning,UnitedHealthcare,2004.58,In Process,2024-12-21T17:21:04Z
EPIC_NORTH,E3145629,Lakeshore General,EN1006555,Jennifer,Kowalski,1988-09-26,F,53153,(262) 555-0178,02/15/2024,2024-02-15,Emergency,1809320819,"Nguyen, Chloe",R51.9,chest pain,self-pay,"$1,049.02  ",PAID,2025-01-09T10:50:12Z
EPIC_NORTH,E7792535,Lakeshore General Hospital,EN1007330,Noah,Hansen,"Aug 18, 1960",M,53213,(414) 555-0193,2023-03-04,03/04/2023,Emergency Room,1809320819,"Nguyen, Chloe",I50.9,"unable to lie flat at night, ankle edema",Medicaid,"$5,314.42",Paid,2023-03-16T10:57:44Z
EPIC_NORTH,E5389341,Lakeshore General Hospital,EN1002533,Mark,Garcia-Lopez,11/07/1964,M,53267,(414) 555-0159,09/27/2023,09/27/2023,Outpatient,1778486484,"Thomas, Emily",I10,hypertension follow-up,AETNA INC,$134.15,PAID,2025-01-12T09:59:45Z
EPIC_NORTH,E2778940,Lakeshore General Hospital,EN1007467,Ethan,White,1955-07-02,M,53281,(920) 555-0140,11/12/2024,2024-11-22,inpatient admission,1440029787,"Young, Olivia",N18.6,kidney function review,Medicare - Part B,$14.32K,PAID,2025-01-08T20:40:33Z
EPIC_NORTH,E9374463,Lakeshore General Hospital,EN1003998,Steven,Hoffman,1956-08-02T00:00:00,M,53256,(608) 555-0164,11/24/2024,11/26/2024,INPT,1139986982,Dr. Anthony Schmidt,I63.9,sudden weakness on one side,CIGNA HEALTH,27971.57,Closed - Paid,2025-01-06T11:01:38Z
EPIC_NORTH,E9073503,St. Brendan Medical Center,EN1001496,Rebecca,Young,1989-10-27,F,54174,(414) 555-0159,2023-03-17T00:00:00,2023-03-17,ER,1229836956,"Nelson, Joshua",N39.0,confusion and high fever,IA Medicaid,"2,228.71 USD",Paid,2023-04-06T13:33:34Z
EPIC_NORTH,E9832623,Maple Grove Pediatrics,EN1002449,Daniel,Williams,"Aug 20, 2020",M,53794,(608) 555-0163,2024-02-29,2/29/2024,OP,1615846452,Dr. Nancy O'Brien,J02.9,cold symptoms for a week,AETNA INC,1947.53,Denied,2025-01-09T22:53:52Z
EPIC_NORTH,E6988790,Maple Grove Pediatrics,EN1006684,Steven,Wright,01/03/2018,M,53283,(262) 555-0177,2024-04-27,,Office Visit,1541465906,Dr. Samuel Johnson,J06.9,confusion and high fever,State Medicaid Plan,USD 297.99,PAID,2025-01-06T21:34:25Z
EPIC_NORTH,E1599873,MAPLE GROVE PEDS,EN1008172,Matthew,Rodriguez,04/07/2011,M,53264,(262) 555-0145,01/30/2023,2023-01-30,Clinic Visit,1410646008,"Hernandez, Matthew",J06.9,cold symptoms for a week,State Medicaid Plan,USD 815.82,DENIED,2025-01-06T15:12:11Z
EPIC_NORTH,E7919508,Lakeshore General Hospital,EN1004907,Margaret,Becker,1970-07-01,F,54336,(262) 555-0130,2023-11-19,2023-11-20,INPT,1440029787,Dr. Olivia Young,A41.9,sore throat and fever,MEDICARE PART A,37394.21,Closed - Paid,2025-01-08T19:19:54Z
EPIC_NORTH,E5513433,Lakeshore General,EN1006424,Elizabeth,Larson,1958-01-18T00:00:00,F,53710,(608) 555-0110,"Dec 17, 2024",2024-12-18,EMERGENCY DEPT,1860320807,Dr. Rebecca Schultz,I50.22,"unable to lie flat at night, ankle edema",IA Medicaid,629.19,Pending,2025-01-05T11:14:19Z
EPIC_NORTH,E7543833,ST BRENDAN MED CTR,EN1003086,Joseph,Kowalski,09/19/1977,M,53108,(262) 555-0199,2023-10-15,10/25/2023,IN-PATIENT,1771884131,Dr. Karen Thompson,n17.9,"very little urine output, nausea",CIGNA HEALTH,$ 47222.7,Closed - Paid,2023-11-10T10:42:38Z
EPIC_NORTH,E4802405,St Brendan Medical Center,EN1007731,Ethan,Anderson,1967-03-27,M,53118,(920) 555-0104,2023-03-19,03/20/2023,inpatient admission,1682052588,"Wright, James",J44.1,productive cough with low oxygen readings at home,Aetna,13777.40,VOIDED,2025-01-06T07:00:47Z
EPIC_NORTH,E1415066,Lakeshore General Hospital,EN1005792,Patricia,O'Brien,"Jan 24, 1954",F,54357,(608) 555-0156,2023-08-03T00:00:00,,OP,1472671472,Dr. Mei King,Z23,annual physical,Medicare,413.01,Rejected,2023-08-12T21:41:48Z
EPIC_NORTH,E4113536,St. Brendan Medical Center,EN1001333,Susan,Lee,07/19/1985,F,54309,(262) 555-0159,12/16/2024,12/18/2024,inpatient admission,1771884131,Dr. Karen Thompson,E11.65,fatigue and excessive thirst,BCBS,"$63,695.37",Pending,2025-01-10T04:26:02Z
EPIC_NORTH,E5321590,lakeshore general hospital ,EN1005755,Ana,Kowalski,1/10/1964,F,53224,(920) 555-0101,06/19/2023,,Outpatient,1440029787,"Young, Olivia",m54.50,low back pain after lifting,CIGNA HEALTH,1787.50,Paid,2023-06-28T05:01:26Z
EPIC_NORTH,E3545544,St. Brendan Medical Center,EN1006825,Carlos,Johnson,1967-03-05,M,53258,(920) 555-0106,5/15/2024,"May 16, 2024",ED,1028382228,"Wilson, Chloe",S93.401A,head injury after a fall,UnitedHealthcare,"$1,621.54  ",Cancelled,2024-05-24T17:48:15Z
EPIC_NORTH,E7204104,St. Brendan Medical Center,EN1004320,Mei,White,1961-06-14,F,53152,(608) 555-0195,"Dec 11, 2024",2024-12-20,inpatient admission,1939494823,Dr. William Jackson,J44.1,"short of breath, using rescue inhaler more often",BCBS,$49.58K,Submitted,2024-12-30T09:15:42Z
EPIC_NORTH,E9733520,St. Brendan Medical Center,EN1006825,Carlos,Johnson,1967-03-05T00:00:00,M,53258,(920) 555-0106,2024-12-10,"Dec 12, 2024",Obs Stay,1771884131,Dr. Karen Thompson,I48.91,palpitations and dizziness,UnitedHealthcare,13467.68,Submitted,2024-12-16T23:49:18Z
EPIC_NORTH,E2660265,Maple Grove Pediatrics,EN1002638,Michelle,Novak,"Sep 18, 2007",F,54311,(920) 555-0170,11/27/2024,,Outpatient,1410646008,"Hernandez, Matthew",Z23,well child visit,BCBS,$173.46,DENIED,2025-01-08T02:59:57Z
EPIC_NORTH,E9740432,Lakeshore General Hospital,EN1000895,Luis,Hernandez,5/14/1960,M,53128,(608) 555-0180,11/24/2024,2024-11-26,INPT,1452059979,"Williams, Thomas",I50.22,"worsening breathlessness on exertion, weight up 3 kg",Cigna,$ 91497.31,Paid in Full,2025-01-12T07:52:07Z
EPIC_NORTH,E6324430,Lakeshore General Hospital,EN1004543,Chloe,Martinez,03/29/1943,F,53734,(608) 555-0166,05/01/2024,2024-05-01,Emergency Room,1871689760,"Walker, Ashley",R10.9,fever for two days,Medicare - Part B,"$8,411.21",Paid,2024-05-03T15:54:18Z
EPIC_NORTH,E2109143,Lakeshore General Hospital,EN1003889,Carlos,Harris,1946-12-11,M,53154,(262) 555-0124,2023-07-03,2023-07-08,IN-PATIENT,1452059979,"Williams, Thomas","J18.9 - Pneumonia, unspecified organism",sore throat and fever,MEDICARE PART A,"$69,133.55",DENIED,2025-01-12T05:36:16Z
EPIC_NORTH,E8023211,Lakeshore General Hospital,EN1003773,Priya,Hansen,1945-09-07,F,54103,(262) 555-0157,2023-01-28,"Jan 28, 2023",EMERGENCY DEPT,1871689760,"Walker, Ashley",J44.1,"COPD review, breathing stable",MCR,"6,091.01 USD",Closed - Paid,2025-01-12T03:04:48Z
EPIC_NORTH,E1816099,St. Brendan Medical Center,EN1005398,Ethan,Johnson,1974-05-23T00:00:00,M,54335,(414) 555-0173,7/21/2023,,Office Visit,1939494823,"Jackson, William", E11.22 ,fatigue and excessive thirst,MEDICAID,"$1,936.94  ",Closed - Paid,2023-07-28T08:18:47Z
EPIC_NORTH,E2456755,Maple Grove Pediatrics,EN1003089,Rebecca,Hall,05/03/2016,F,54127,(920) 555-0107,2031-01-16T00:00:00,05/14/2023,OP,1541465906,"Johnson, Samuel",Z23,flu shot,AETNA INC,$341.88  ,Paid,2023-06-08T10:29:31Z
EPIC_NORTH,E7818003,Lakeshore General Hospital,EN1006637,Sandra,Wright,1980-05-19,F,54181,(262) 555-0145,07/31/2023,2023-08-12,IP,1440029787,"Young, Olivia",J44.1,"COPD review, breathing stable",self-pay,17007.42,Closed - Paid,2023-08-20T15:05:37Z
EPIC_NORTH,E4011270,St. Brendan's Medical Center,EN1006312,Hannah,Mueller,1991-08-03,F,54142,(262) 555-0107,2023-01-05T00:00:00,2023-01-13,IP,1105218543,"Young, Tyler",J45.901,wheezing at night,UnitedHealthcare,87124.23,PAID,2023-02-07T06:03:43Z
EPIC_NORTH,E6512509,Lakeshore General Hospital,EN1003227,Omar,Brown,"Nov 15, 1962",M,54157,(262) 555-0102,11/26/2024,11/26/2024,Obs Stay,1139986982,Dr. Anthony Schmidt,R10.9,abdominal pain since morning,UHC,3387.30,PAID,2025-01-12T05:19:50Z
EPIC_NORTH,E1436304,Maple Grove Pediatrics ,EN1001262,Steven,Hoffman,2019-02-19,M,53166,(920) 555-0108,2024-05-05T00:00:00,2024-05-05T00:00:00,Out Patient,1895579906,Dr. Thomas Davis,J06.9,sore throat and fever,IA Medicaid,$282.02  ,Paid in Full,2024-05-26T16:57:59Z
EPIC_NORTH,E7173964,lakeshore general hospital ,EN1003312,Emily,Olson,2006-04-09,F,53256,(920) 555-0152,04/21/2023,2023-04-21,OP,1452059979,Dr. Thomas Williams,Z23 - Encounter for immunization,flu shot,UnitedHealthcare,"USD 1,397.10",DENIED,2023-05-10T13:33:54Z
EPIC_NORTH,E5765331,Lakeshore General Hospital,EN1002304,Emily,Van Dyke,11/25/1947,F,54186,(262) 555-0164,2023-07-19,2023-07-19,ER,1871689760,"Walker, Ashley",E11.65,fatigue and excessive thirst,MEDICARE PART A,$724.58,Paid,2025-01-06T06:53:32Z
EPIC_NORTH,E8864120,Maple Grove Pediatrics,EN1004696,Linda,Martin,02/17/2019,F,53798,(262) 555-0120,4/30/2023,"Apr 30, 2023",Clinic Visit,1615846452,"O'Brien, Nancy",Z23,flu shot,Blue Cross Blue Shield,641.85 USD,PAID,2023-05-10T16:22:12Z
EPIC_NORTH,E6438421,MAPLE GROVE PEDS,EN1007531,Samuel,Lopez,2020-11-11,M,54163,(608) 555-0177,"Dec 18, 2024",2024-12-18,Office Visit,1541465906,"Johnson, Samuel",J02.9,burning on urination,Workers Comp,$138.14  ,In Process,2024-12-22T16:08:54Z
EPIC_NORTH,E5983559,Lakeshore Gen Hosp,EN1005963,Katherine,Wagner,1954-11-25T00:00:00,F,54145,(608) 555-0156,2024-12-14,"Dec 14, 2024",ED,1447294053,Dr. Samuel Peterson,S93.401A,"fell on outstretched hand, wrist pain",Medicare - Part B,983.94,In Process,2024-12-21T14:12:34Z
EPIC_NORTH,E8952212,Lakeshore Gen Hosp,EN1002993,Hannah,Jensen,07/31/1963,F,53156,(920) 555-0128,"Dec 6, 2024",2024-12-13,IP,1452059979,Dr. Thomas Williams,I50.22,"heart failure follow-up, fluid tablets review",Workers Comp,33645.42,In Process,2024-12-14T03:53:46Z
EPIC_NORTH,E6761363,St. Brendan Medical Center,EN1007412,Jennifer,Hansen,1979-06-20,F,53706,(262) 555-0122,2024-10-03,2024-10-10,Inpatient,1682052588,Dr. James Wright,I10,headache with elevated blood pressure,Workers Comp,$ 30386.65,Paid,2025-01-11T16:55:07Z
EPIC_NORTH,E4751500,Maple Grove Pediatric Clinic,EN1001631,Jacob,Schmidt,12/18/2013,M,53296,(920) 555-0122,2024-08-25,,Office Visit,1410646008,Dr. Matthew Hernandez,R50.9,abdominal pain since morning,MEDICAID,1302.34,Closed - Paid,2025-01-07T05:50:11Z
EPIC_NORTH,E8418834,Lakeshore General Hospital,EN1001234,Maria,Peterson,1983-01-22T00:00:00,F,53220,(262) 555-0180,2024-12-15,12/15/2024,OP,1440029787,Dr. Olivia Young,Z23,well child visit,IA Medicaid,1978.80,SUBMITTED,2024-12-25T12:40:03Z
EPIC_NORTH,E2832331,Lakeshore General Hospital,EN1004194,Kevin,Taylor,1949-02-16,M,54144,(608) 555-0118,12/04/2023,"Dec 4, 2023",Emergency Room,1809320819,"Nguyen, Chloe",G47.33,chest pain,TRICARE,"$9,631.46",Paid in Full,2023-12-16T18:44:05Z
EPIC_NORTH,E8134203,Lakeshore General Hospital,EN1002102,Luis,Lewis,10/02/1971,M,53252,(608) 555-0142,2023-04-24,2023-04-24,Clinic Visit,1701079810,"Hall, Linda",I48.91,crushing chest pain spreading to left arm,Blue Cross Blue Shield,1486.73,Paid in Full,2025-01-11T04:18:31Z
EPIC_NORTH,E1145731,Maple Grove Pediatrics,EN1004854,Joshua,Garcia-Lopez,12/20/2010,M,54381,(920) 555-0169,12/21/2023,,Clinic Visit,1895579906,Dr. Thomas Davis,J02.9,fever and cough,UHC,$ 468.52,Paid in Full,2025-01-11T01:07:40Z
EPIC_NORTH,E7086408,St. Brendan Medical Center,EN1006312,Hannah,Mueller,08/03/1991,F,54142,(262) 555-0107,2024-11-05T00:00:00,11/12/2024,Inpatient,1642524775,"Hall, Sarah",I48.91,crushing chest pain spreading to left arm,Aetna,30430.51,CANCELLED,2025-01-11T05:34:52Z
EPIC_NORTH,E2463574,St. Brendan Medical Center,EN1005481,Laura,Mueller,1975-01-05T00:00:00,F,53751,(414) 555-0191,11/24/2024,"Dec 4, 2024",IN-PATIENT,1771884131,"Thompson, Karen",I50.22 - Chronic systolic (congestive) heart failure,"worsening breathlessness on exertion, weight up 3 kg",AETNA INC,68055.40,PAID,2025-01-10T13:24:19Z
EPIC_NORTH,E5244981,Maple Grove Pediatrics,EN1006915,Robert,Schultz,09/25/2011,M,53750,(920) 555-0170,02/26/2023,2023-02-26,Virtual,1541465906,Dr. Samuel Johnson,R50.9,severe headache,Aetna,$60.52,Void,2025-01-06T19:31:32Z
EPIC_NORTH,E6837452,ST BRENDAN MED CTR,EN1000621,Peggy,Schultz,1949-05-19,F,52415,(319) 555-0115,12/07/2024,2024-12-18,Inpatient,1939494823,"Jackson, William",A41.9,sore throat and fever,MEDICARE PART A,$ 13335.22,Submitted,2024-12-20T14:26:05Z
EPIC_NORTH,E3030760,Lakeshore General Hospital,EN1000535,Laura,Nguyen,1976-08-15T00:00:00,F,53124,(608) 555-0197,"May 27, 2023",2023-05-28,Obs Stay,1440029787,Dr. Olivia Young,R10.9,abdominal pain since morning,BCBS,"$9,212.63",Closed - Paid,2023-06-20T20:11:58Z
EPIC_NORTH,E1770351,St. Brendan's Medical Center,EN1000320,Joshua,Walker,08/25/1996,M,54320,(920) 555-0165,2024-01-06,2024-01-14,IP,1771884131,"Thompson, Karen",I48.91,palpitations and dizziness,UHC,8419.45,Closed - Paid,2024-01-18T01:40:52Z
EPIC_NORTH,E8757191,Lakeshore Gen Hosp,EN1001920,Paul,Lewis,11/12/2005,M,53100,(262) 555-0190,2023-09-10,09/10/2023,Emergency,1871689760,Dr. Ashley Walker,S52.501A,head injury after a fall,Blue Cross Blue Shield,$ 7687.76,Paid in Full,2025-01-12T02:26:23Z
EPIC_NORTH,E2195944,St. Brendan Medical Center,EN1001629,Sandra,Jackson,1961-06-24,F,53736,(608) 555-0170,11/21/2023,11/22/2023,IP,1682052588,Dr. James Wright,I21.9,palpitations and dizziness,Medicaid,"$10,660.42",Denied,2025-01-07T16:09:38Z
EPIC_NORTH,E6809904,St. Brendan Medical Center,EN1003465,Ashley,Schmidt,1931-07-16,F,53119,(262) 555-0195,"May 19, 2023",5/20/2023,Emergency,1028382228,Dr. Chloe Wilson,S52501A,"fell on outstretched hand, wrist pain",MEDICARE PART A,$8.11K,Paid in Full,2025-01-07T11:03:32Z
EPIC_NORTH,E4288503,Maple Grove Pediatrics,EN1004854,Joshua,Garcia-Lopez,2010-12-20,M,54381,(920) 555-0169,2024-12-08T00:00:00,,Clinic Visit,1541465906,"Johnson, Samuel",J06.9,fever and cough,Aetna,"$2,469.70",Pending,2024-12-25T02:48:09Z
EPIC_NORTH,E8196351,MAPLE GROVE PEDS,EN1008505,Nancy,Kowalski,10/31/2014,F,53765,(608) 555-0170,2024-12-17T00:00:00,2024-12-17T00:00:00,OP,1410646008,Dr. Matthew Hernandez,Z23,well child visit,Aetna,929.12,SUBMITTED,2024-12-24T05:33:11Z
EPIC_NORTH,E6973711,St. Brendan Medical Center,EN1006483,Daniel,Novak,1977-05-25,M,54131,(414) 555-0133,02/17/2023,2023-03-01T00:00:00,IP,1771884131,"Thompson, Karen",I50.9,"worsening breathlessness on exertion, weight up 3 kg",CIGNA HEALTH,"USD 45,589.94",PAID,2025-01-09T05:02:04Z
EPIC_NORTH,E9541509,Lakeshore General Hospital,EN1006587,PRIYA,MOORE,10/04/1948,F,54391,(920) 555-0128,2023-03-02,2023-03-02,Observation,1472671472,"King, Mei",N18.6,dialysis follow-up,Aetna,"2,822.29 USD",Paid in Full,2025-01-13T03:04:24Z
EPIC_NORTH,E4756315,Lakeshore General,EN1007249,Ana,Hall,"Jan 19, 1961",F,54341,(262) 555-0109,"Dec 5, 2024",12/14/2024,INPT,1701079810,"Hall, Linda",E1165,numbness in both feet,Blue Cross Blue Shield,57411.81,Submitted,2024-12-16T07:40:48Z
EPIC_NORTH,E1328262,Maple Grove Pediatrics ,EN1008172,Matthew,Rodriguez,"Apr 7, 2011",M,53264,(262) 555-0145,"Apr 29, 2024",,OP,1615846452,Dr. Nancy O'Brien,Z00.129,flu shot,MEDICAID,$430.37  ,Void,2025-01-12T03:53:40Z
EPIC_NORTH,E6726336,Lakeshore General Hospital,EN1001234,Maria,Peterson,01/22/1983,F,53220,(262) 555-0180,2024-08-07,2024-08-08,Observation,1472671472,"Olson, Mei", R10.9 ,severe headache,IA Medicaid,13728.37,Denied,2024-08-31T09:24:28Z
