source_system,source_record_id,facility_name,patient_mrn,patient_first_name,patient_last_name,patient_dob,patient_sex,patient_zip,patient_phone,admit_date,discharge_date,encounter_type,attending_npi,attending_provider_name,primary_dx_code,chief_complaint,payer_name,billed_amount,claim_status,last_updated_ts
LEGACY_MEDITECH,132498,Riverbend CH,MT1002454,Mei,Jensen,13-06-1992,Female,52015,(563) 555-0130,2024-10-18,18/10/2024,Emergency Room,1228088641,Dr. Jessica Patel,N39.0,confusion and high fever,TRICARE,135890,Paid in Full,26/10/2024 07:32:41
LEGACY_MEDITECH,130116,Harborpoint Behavioral Health,MT1001077,Karen,Van Dyke,1987-09-30,Female,61169,(815) 555-0189,02/02/2023,2023-02-16,inpatient admission,1432627051,"Nguyen, Katherine",F331,"medication review, feeling stable",Medicaid,2043523,Closed - Paid,24/02/2023 10:20:57
LEGACY_MEDITECH,124458,Riverbend Community Hospital,MT1003523,Noah J,Becker,24/01/1932,Male,53775,(414) 555-0171,19-08-2024,21/08/2024,Obs Stay,1406925663,Dr. Rebecca Mueller,I50.22,"heart failure follow-up, fluid tablets review",Medicare, 642685,PAID,28/08/2024 10:43:33
LEGACY_MEDITECH,128112,Riverbend Community Hosp.,MT1000233,Michelle,Hoffman,06/06/1969,Female,52034,(319) 555-0150,10/08/2024,10 Aug 2024,Outpatient,1585003704,"Schmidt, Luis", E11.22 ,confusion with very high glucose,BadgerCare Plus,N/A,Paid,15/08/2024 08:50:29
LEGACY_MEDITECH,129576,Riverbend Community Hospital,MT1003648,ANA,THOMPSON,16/06/1947,Female,53122,(262) 555-0151,06/11/2024,08-11-2024,Obs Stay,1406925663,"Mueller, Rebecca",N39.0,confusion and high fever,Medicare - Part B,"650,401",PAID,12/11/2024 01:22:25
LEGACY_MEDITECH,124153,Riverbend Community Hospital,MT1000715,Michelle,Wagner,1963-07-19,Female,52433,(563) 555-0182,14/07/2024,,OP,1585003704,Dr. Luis Schmidt,R10.9,chest pain,Cigna,217207.0,Paid,31/07/2024 13:08:20
LEGACY_MEDITECH,134111,Riverbend Community Hospital,MT1000327,Jacob,Clark,11 Aug 1964,Male,52402,(319) 555-0173,23/05/2024,2024-05-25,Observation,1585003704,Dr. Luis Schmidt,N39.0,burning on urination,CIGNA HEALTH,N/A,Paid,17/06/2024 17:30:15
LEGACY_MEDITECH,119666,Riverbend CH,MT1001753,Matthew,Becker,1953-06-18,Male,52474,(563) 555-0124,10/11/2024,,Clinic Visit,1585003704,Dr. Luis Schmidt,R109,abdominal pain since morning,MCR,"142,543",Paid in Full,04/12/2024 16:02:43
LEGACY_MEDITECH,133591,HARBOR PT BEHAVIORAL HLTH,MT1003642,Susan,Miller,28/12/1962,Female,61023,(815) 555-0187,27/09/2023,18-10-2023,IN-PATIENT,1432627051,Dr. Katherine Nguyen,F31.9,"medication review, feeling stable",UHC,699335,Cancelled,19/10/2023 08:41:41
LEGACY_MEDITECH,106549,Harbor Point Behavioral Health,MT1002699,Robert,Becker,1973-03-07,Male,61018,(815) 555-0126,01/11/2023,20/11/2023,inpatient admission,1906688282,Dr. Ethan Hansen,"F31.9 - Bipolar disorder, unspecified",increased agitation and racing thoughts,MEDICAID,2818999.0,Paid,11/12/2023 15:09:01
LEGACY_MEDITECH,104182,Riverbend Community Hosp.,MT1000587,Brian,Thomas,15-11-1976,Male,52053,(319) 555-0135,11/07/2024,11/07/2024,Clinic Visit,1585003704,"Schmidt, Luis",Z00.00,annual physical,Tricare,55542,Paid,27/07/2024 05:28:31
LEGACY_MEDITECH,116367,HARBOR PT BEHAVIORAL HLTH,MT1003364,Priya,Mueller,03/05/1959,Female,61055,(815) 555-0106,21 Feb 2023,2023-02-21,Video Visit,1458421082,"Lopez, Olivia", F33.1 ,anxiety and panic episodes,MEDICARE PART A,14049,Void,08/03/2023 06:40:08
LEGACY_MEDITECH,115549,Harbor Point BH,MT1002099,Sarah,Lee,06/06/1995,Female,53206,(608) 555-0192,23/07/2024,11-08-2024,Inpatient,1432627051,Dr. Katherine Nguyen,F33.1,increased agitation and racing thoughts,Cigna,"1,683,845",Paid in Full,22/08/2024 03:27:58
LEGACY_MEDITECH,102579,HARBOR PT BEHAVIORAL HLTH,MT1001971,Ethan,Clark,29-03-1975,Male,61046,(815) 555-0109,29 Jan 2023,2023-02-13,inpatient admission,1458421082,"Lopez, Olivia",f33.1,anxiety and panic episodes,UHC,"868,209",Closed - Paid,09/03/2023 17:39:11
LEGACY_MEDITECH,117969,Harbor Point BH,MT1001407,Tyler,Schultz,,Male,61111,(815) 555-0196,14-04-2024,,Video Visit,1538453550,Dr. Carlos Martinez,F33.1,increased agitation and racing thoughts,Medicare,6797,Paid in Full,06/05/2024 01:51:49
LEGACY_MEDITECH,100101,Riverbend Community Hosp.,MT1000327,Jacob,Clark,11/08/1964,Male,52402,(319) 555-0173,6 Nov 2024,15/11/2024,IN-PATIENT,1585003704,"Schmidt, Luis",J18.9,burning on urination,Aetna,1551374,Paid,30/11/2024 07:42:51
LEGACY_MEDITECH,104011,RIVERBEND COMM HOSP,MT1000327,Jacob,Clark,11-08-1964,Male,52402,(319) 555-0173,23/03/2024,23/03/2024,Observation,1585003704,Dr. Luis Schmidt,E11.65,numbness in both feet,Aetna,1084775,Rejected,28/03/2024 00:08:11
LEGACY_MEDITECH,115196,Harbor Point Behavioral Health,MT1000116,Priya,Harris,27/02/1982,Female,61031,(815) 555-0165,10/09/2023,16 Sep 2023,inpatient admission,1906688282,"Hansen, Ethan","F32.9 - Major depressive disorder, single episode, unspecified",low mood and poor sleep,Cigna,1863243.0,Paid in Full,10/10/2023 22:49:24
LEGACY_MEDITECH,100597,Harbor Point Behavioral Health,MT1003364,Priya,Mueller,03-05-1959,Female,61055,(815) 555-0106,12/02/2023,02-03-2023,IP,1432627051,"Nguyen, Katherine",F43.10,anxiety and panic episodes,Medicare - Part B,704084,Closed - Paid,04/03/2023 19:09:29
LEGACY_MEDITECH,134813,Riverbend CH,MT1001643,MARK,LOPEZ,1960-10-19,Male,54313,(414) 555-0183,3 Oct 2024,15-10-2024,IP,1406925663,"Mueller, Rebecca",J44.1,"short of breath, using rescue inhaler more often",UnitedHealthcare, 1636239,Paid in Full,22/10/2024 00:26:51
LEGACY_MEDITECH,107418,Riverbend Community Hospital,MT1000108,Emily,Thompson,21/02/1940,Female,52013,(563) 555-0126,2024-06-19,20/06/2024,IP,1129110288,"Jensen, Susan",A41.9,confusion and high fever,Medicare,"8,441,274",Paid in Full,06/07/2024 16:22:12
LEGACY_MEDITECH,131397,Harbor Point Behavioral Health,MT1002325,Aaron,Kowalski,12/10/1961,Male,61059,(815) 555-0155,12/05/2023,12-05-2023,Outpatient,1458421082,Dr. Olivia Lopez,F43.10,increased agitation and racing thoughts,MEDICAID,25104,Closed - Paid,25/05/2023 04:47:23
LEGACY_MEDITECH,137265,Riverbend Community Hospital,MT1002362,Rebecca,Davis,1938-01-06,Female,52454,(319) 555-0190,22-11-2024,24/11/2024,IP,1585003704,Dr. Luis Schmidt,J44.1,increased cough and wheezing,Medicare - Part B,5418982,Submitted,08/12/2024 12:00:21
LEGACY_MEDITECH,106742,Harbor Point Behavioral Health,MT1003642,Susan,Miller,28/12/1962,Female,61023,(815) 555-0187,16 Jul 2023,16/07/2023,Office Visit,1432627051,Dr. Katherine Nguyen,F41.1,anxiety and panic episodes,Aetna,13604,Paid in Full,27/07/2023 06:59:12
LEGACY_MEDITECH,135423,Harbor Point Behavioral Health,MT1000194,Olivia,Van Dyke,27/05/1999,Female,61155,(815) 555-0187,2024-10-25,07/11/2024,inpatient admission,1458421082,"Lopez, Olivia",F32.9,"medication review, feeling stable",CIGNA HEALTH,1663134,DENIED,21/11/2024 18:26:46
LEGACY_MEDITECH,128873,Riverbend Community Hospital,MT1000624,Daniel,Davis,02/04/1963,Male,52037,(563) 555-0162,01/10/2024,02-10-2024,Obs Stay,1406925663,"Mueller, Rebecca",I50.9,"unable to lie flat at night, ankle edema",IA Medicaid,1713490,Denied,27/10/2024 03:08:42
LEGACY_MEDITECH,118221,HARBOR PT BEHAVIORAL HLTH,MT1001494,Susan,White,16/03/1967,Female,61189,(815) 555-0156,09-01-2023,26 Jan 2023,Inpatient,1458421082,"Lopez, Olivia",F33.1,increased agitation and racing thoughts,CIGNA HEALTH,755623,Paid,03/02/2023 00:10:21
LEGACY_MEDITECH,120997,Riverbend CH,MT1001520,Mary,Walker,03/11/1966,Female,52039,(563) 555-0106,14/10/2024,14/10/2024,OP,1585003704,Dr. Luis Schmidt,Z23,well child visit,IA Medicaid,39654,Paid,29/10/2024 10:44:44
LEGACY_MEDITECH,139855,Harborpoint Behavioral Health,MT1002633,Mei,Taylor,19 May 1949,Female,61109,(815) 555-0169,06/10/2024,06/10/2024,Video Visit,1906688282,"Hansen, Ethan",F33.1,"medication review, feeling stable",MCR,7419,PAID,20/10/2024 19:45:03
LEGACY_MEDITECH,122331,Harbor Point Behavioral Health,MT1002325,Aaron,Kowalski,12-10-1961,Male,61059,(815) 555-0155,02-11-2023,05/11/2023,Inpatient,1538453550,"Martinez, Carlos",F33.1,anxiety and panic episodes,State Medicaid Plan,"3,779,147",Paid in Full,11/11/2023 07:10:44
LEGACY_MEDITECH,110245,Riverbend Community Hospital,MT1001457,Paul,Olson,11/05/1964,Male,53139,(608) 555-0163,2024-05-12,12-05-2024,ER,1764529123,Dr. Thomas Jackson,S52.501A,head injury after a fall,Aetna,125464,PAID,17/05/2024 02:18:13
LEGACY_MEDITECH,104415,Riverbend Community Hospital,MT1000096,Jennifer,Patel,17/12/1948,Female,54143,(262) 555-0110,28 Sep 2024,,,1585003704,"Schmidt, Luis", M54.50 ,knee pain worse on stairs,Medicare,197268,Closed - Paid,14/10/2024 03:45:44
LEGACY_MEDITECH,108679,Harbor Point Behavioral Health,MT1000542,Lisa,Lee,30/09/1930,Female,61002,(815) 555-0144,06/07/2024,15-07-2024,Inpatient,1458421082,Dr. Olivia Lopez,F33.1,anxiety and panic episodes,MCR,"1,609,672",Closed - Paid,23/07/2024 02:15:33
LEGACY_MEDITECH,127148,RIVERBEND COMM HOSP,MT1003523,Noah J,Becker,24/01/1932,Male,53775,(414) 555-0171,03/09/2024,4 Sep 2024,Obs Stay,1585003704,"Schmidt, Luis",R07.9,fever for two days,Medicare,1316079,DENIED,25/09/2024 00:38:33
LEGACY_MEDITECH,128028,Harbor Point BH,MT1002413,Katherine,Kim,1965-12-15,Female,61077,(815) 555-0117,05/12/2023,05/12/2023,TELEMED,1458421082,"Lopez, Olivia",F32.9,increased agitation and racing thoughts,IA Medicaid,29558,Paid in Full,15/12/2023 15:02:59
LEGACY_MEDITECH,130609,Riverbend Community Hospital,MT1001026,James,Mueller,14 Jun 1961,Male,52049,(563) 555-0162,09-05-2024,13-05-2024,INPT,1129110288,"Jensen, Susan", A41.9 ,confusion and high fever,IA Medicaid,4723257,Paid in Full,06/06/2024 18:35:24
LEGACY_MEDITECH,108613,Harbor Point BH,MT1003417,Maria,Garcia-Lopez,27 Jul 1955,Female,61180,(815) 555-0149,2023-11-12,2023-12-02,Inpatient,1538453550,Dr. Carlos Martinez,F31.9,anxiety and panic episodes,MEDICARE PART A,"1,934,783",Closed - Paid,18/12/2023 23:15:00
LEGACY_MEDITECH,119242,Harbor Point Behavioral Health,MT1001077,Karen,Van Dyke,30/09/1987,Female,61169,(815) 555-0189,02/09/2023,,TELEMED,1458421082,Dr. Olivia Lopez,F32.9,increased agitation and racing thoughts,IA Medicaid,23700.0,Paid in Full,08/09/2023 05:46:59
LEGACY_MEDITECH,105771,RIVERBEND COMM HOSP,MT1002318,Rajesh,Van Dyke,10/08/1982,Male,52059,(563) 555-0121,2024-03-09,14-03-2024,IN-PATIENT,1406925663,"Mueller, Rebecca",e11.65,fatigue and excessive thirst,UnitedHealthcare,4630720,Closed - Paid,28/03/2024 16:47:16
LEGACY_MEDITECH,125818,Harbor Point Behavioral Health,MT1000061,Margaret,Miller,10 May 2005,Female,61051,(815) 555-0131,06-11-2023,,TELEMED,1458421082,Dr. Olivia Lopez,F33.1,low mood and poor sleep,UnitedHealthcare,16542,Rejected,01/12/2023 03:04:47
LEGACY_MEDITECH,107065,Riverbend Community Hospital,MT1002774,Priya,Moore,4 Oct 1948,Female,54391,(920) 555-0128,09/07/2024,2024-07-09,Clinic Visit,1585003704,Dr. Luis Schmidt,E78.5,headache with elevated blood pressure,Blue Cross Blue Shield,"111,718",Paid,20/07/2024 14:10:06
LEGACY_MEDITECH,131782,Harborpoint Behavioral Health,MT1000291,Mary,Davis,1992-02-07,Female,61015,(815) 555-0168,28/01/2024,28 Jan 2024,Video Visit,1538453550,Dr. Carlos Martinez,f33.1,anxiety and panic episodes,UHC,11742,PAID,13/02/2024 19:12:00
LEGACY_MEDITECH,130310,Harbor Point Behavioral Health,MT1002197,Carlos,Williams,09/11/1953,Male,61169,(815) 555-0135,11/06/2024,18 Jun 2024,INPT,1458421082,"Lopez, Olivia",F331,anxiety and panic episodes,MEDICARE PART A,3583714.0,Closed - Paid,29/06/2024 04:31:29
LEGACY_MEDITECH,132973,Riverbend Community Hospital,MT1002808,Anthony,Novak,1989-05-26,Male,52415,(563) 555-0159,26/11/2024,27/11/2024,ER,1930733682,"Van Dyke, Linda",J44.1,increased cough and wheezing,CIGNA HEALTH,386909,In Process,16/12/2024 10:46:05
LEGACY_MEDITECH,127953,Harbor Point Behavioral Health,MT1000807,Robert,Johnson,11-02-1988,Male,61092,(815) 555-0167,06/06/2024,,Outpatient,1458421082,"Lopez, Olivia",F41.1,low mood and poor sleep,Self Pay, 179511,Closed - Paid,28/06/2024 08:44:55
LEGACY_MEDITECH,137981,Harbor Point Behavioral Health,MT1001187,Omar,Rodriguez,20/11/1950,Male,61019,(815) 555-0150,19-10-2023,19/10/2023,TELEMED,1538453550,"Martinez, Carlos",F41.1,low mood and poor sleep,Medicare,"15,172",Paid,07/11/2023 03:30:14
LEGACY_MEDITECH,104970,Harborpoint Behavioral Health,MT1003604,Nancy,Patel,09/07/2015,Female,54309,(262) 555-0164,10/10/2023,,Telehealth,1538453550,"Martinez, Carlos", F41.1 ,anxiety and panic episodes,UHC,13864,Closed - Paid,27/10/2023 04:23:28
LEGACY_MEDITECH,120181,HARBOR PT BEHAVIORAL HLTH,MT1001731,Sarah,Brown,27/12/1994,Female,61028,(815) 555-0182,04/09/2024,04-09-2024,OP,1458421082,Dr. Olivia Lopez,"F33.1 - Major depressive disorder, recurrent, moderate",low mood and poor sleep,CIGNA HEALTH,80006.0,Denied,11/09/2024 08:18:42
LEGACY_MEDITECH,105340,Riverbend Community Hospital,MT1003720,Jessica,Wagner,6 Aug 1984,Female,53756,(262) 555-0139,2024-03-06,12/03/2024,inpatient admission,1406925663,Dr. Rebecca Mueller,I10,headache with elevated blood pressure,Workers Comp,1210930,PAID,13/03/2024 01:30:38
LEGACY_MEDITECH,106823,Harbor Point Behavioral Health,MT1002976,James,Davis,28/03/2006,Male,53242,(608) 555-0194,15/06/2023,15/06/2023,TELEMED,1906688282,Dr. Ethan Hansen,F33.1,low mood and poor sleep,MEDICARE PART A,17033,Rejected,18/06/2023 03:27:46
LEGACY_MEDITECH,115897,Harbor Point BH,MT1003028,Mary,Rodriguez,1959-09-09,Female,61146,(815) 555-0165,06/11/2024,16/11/2024,IP,1458421082,"Lopez, Olivia", F31.9 ,low mood and poor sleep,Blue Cross Blue Shield,"2,982,398",Paid,26/11/2024 21:35:25
LEGACY_MEDITECH,134054,Harbor Point Behavioral Health,MT1002694,Sandra,Hall,1939-04-18,Female,61184,(815) 555-0199,15/10/2024,27/10/2024,Inpatient,1906688282,Dr. Ethan Hansen,F31.9,anxiety and panic episodes,Medicare,986643,PAID,31/10/2024 02:31:14
LEGACY_MEDITECH,116868,Riverbend Community Hospital,MT1002774,Priya,Moore,1948-10-04,Female,54391,(920) 555-0128,13/09/2024,15/09/2024,Obs Stay,1585003704,"Schmidt, Luis",I10,hypertension follow-up,AETNA INC,1045942,Paid in Full,01/10/2024 08:00:05
LEGACY_MEDITECH,114490,Riverbend Community Hospital,MT1001293,Anthony,Harris,1951-07-02,Male,52441,(319) 555-0132,2024-04-23,23/04/2024,OP,1166323372,,I10,headache with elevated blood pressure,MEDICARE PART A,36818.0,PAID,11/05/2024 21:40:27
LEGACY_MEDITECH,138999,Riverbend Community Hospital,MT1000306,Karen,Young,27-11-1974,Female,52409,(563) 555-0178,30/06/2024,30/06/2024,Emergency Room,1764529123,"Jackson, Thomas",r07.9,fever for two days,self-pay,"809,702",PAID,23/07/2024 00:14:23
LEGACY_MEDITECH,101825,Harborpoint Behavioral Health,MT1001321,Aaron,King,18-07-1973,Male,61188,(815) 555-0137,20-01-2023,20/01/2023,OP,1906688282,"Hansen, Ethan",F43.10,anxiety and panic episodes,self-pay,"77,035",Rejected,08/02/2023 20:56:21
LEGACY_MEDITECH,124691,Harbor Point Behavioral Health,MT1000944,Joseph,Wagner,28-06-1952,Male,61192,(815) 555-0162,07-01-2024,07-01-2024,Clinic Visit,1458421082,Dr. Olivia Lopez, F33.1 ,low mood and poor sleep,MEDICARE PART A,"46,666",Rejected,18/01/2024 13:55:13
LEGACY_MEDITECH,110546,Harbor Point Behavioral Health,MT1002882,James,Wagner,29/07/1951,Male,61110,(815) 555-0181,29/04/2023,2023-05-15,Inpatient,1906688282,"Hansen, Ethan",F33.1,low mood and poor sleep,MEDICARE PART A,"2,224,117",Paid,07/06/2023 04:52:17
LEGACY_MEDITECH,110308,RIVERBEND COMM HOSP,MT1001043,Noah,Smith,18/08/1955,Male,52018,(563) 555-0193,22/05/2024,,OP,1585003704,"Schmidt, Luis",Z0000,flu shot,Medicare,161871,Rejected,08/06/2024 09:41:16
LEGACY_MEDITECH,125660,Riverbend Community Hospital,MT1000177,Laura,Nguyen,15/08/1976,Female,53124,(608) 555-0197,09/11/2024,2024-11-14,IP,1585003704,"Schmidt, Luis",j44.1,increased cough and wheezing,UHC,5326108,Paid,18/11/2024 17:47:02
LEGACY_MEDITECH,120703,HARBOR PT BEHAVIORAL HLTH,MT1003417,Maria,Garcia-Lopez,27 Jul 1955,Female,61180,(815) 555-0149,14/07/2024,14/07/2024,Outpatient,1538453550,Dr. Carlos Martinez,F32.9,low mood and poor sleep,Medicare - Part B,119634,Rejected,22/07/2024 23:49:19
LEGACY_MEDITECH,124584,HARBOR PT BEHAVIORAL HLTH,MT1003434,Laura,Wright,23-11-1960,Female,61028,(815) 555-0190,13/09/2024,29-09-2024,INPT,1906688282,"Hansen, Ethan",F32.9,anxiety and panic episodes,Aetna,2421224,Paid,29/09/2024 21:48:14
LEGACY_MEDITECH,118492,Harbor Point Behavioral Health,MT1003417,Maria,Garcia-Lopez,1955-07-27,Female,61180,(815) 555-0149,08/10/2024,08/10/2024,OP,1432627051,Dr. Katherine Nguyen,F331,"medication review, feeling stable",Medicare,42993,Closed - Paid,26/10/2024 05:51:19
LEGACY_MEDITECH,111046,Harborpoint Behavioral Health,MT1000542,Lisa,Lee,30/09/1930,Female,61002,(815) 555-0144,2023-05-15,21/05/2023,IP,1432627051,"Nguyen, Katherine",F33.1,anxiety and panic episodes,MCR,1353360.0,Paid,10/06/2023 16:16:32
LEGACY_MEDITECH,110711,RIVERBEND COMM HOSP,MT1000860,Minh,Martinez,21 Jan 1956,Male,52052,(563) 555-0111,07/08/2024,08/08/2024,ER,1228088641,"Patel, Jessica",R07.9,fever for two days,Medicare,"171,580",Closed - Paid,09/08/2024 03:29:13
LEGACY_MEDITECH,109178,Harbor Point Behavioral Health,MT1000837,Priya,Williams,07/06/1967,Female,61193,(815) 555-0193,16/09/2024,16/09/2024,Video Visit,1432627051,"Nguyen, Katherine",F32.9,anxiety and panic episodes,Blue Cross Blue Shield,32449,Denied,23/09/2024 17:03:05
LEGACY_MEDITECH,117797,RIVERBEND COMM HOSP,MT1003565,Rebecca,Patel,26-08-1971,Female,52430,(319) 555-0191,21-06-2024,21/06/2024,Outpatient,1585003704,Dr. Luis Schmidt,I48.91,palpitations and dizziness,self-pay,44076.0,Void,25/06/2024 07:28:51
LEGACY_MEDITECH,119661,Harbor Point Behavioral Health,MT1002413,Katherine,Kim,1965-12-15,Female,61077,(815) 555-0117,05/04/2023,05/04/2023,Outpatient,1432627051,"Nguyen, Katherine",F32.9,low mood and poor sleep,MEDICAID, 27890,Paid,09/04/2023 07:06:34
LEGACY_MEDITECH,108034,Riverbend Community Hospital,MT1003705,MICHAEL,GARCIA,1955-03-01,Male,52088,(563) 555-0108,23/09/2024,23/09/2024,Emergency,1228088641,Dr. Jessica Patel,I10,hypertension follow-up,MCR,587652,Closed - Paid,30/09/2024 01:22:41
LEGACY_MEDITECH,123300,RIVERBEND COMM HOSP,MT1002432,Fatima,Anderson,1948-03-29,Female,52028,(563) 555-0139,28 Oct 2024,29-10-2024,Inpatient,1585003704,"Schmidt, Luis",N18.6,kidney function review,MCR,906074,PAID,03/11/2024 09:42:27
LEGACY_MEDITECH,116005,Riverbend CH,MT1002318,Rajesh,Van Dyke,10 Aug 1982,Male,52059,(563) 555-0121,15 Sep 2024,2024-09-17,Observation,1585003704,Dr. Luis Schmidt,E1165,confusion with very high glucose,UHC,317007,PAID,17/09/2024 19:02:22
LEGACY_MEDITECH,101825,Harborpoint Behavioral Health,MT1001321,Aaron,King,18-07-1973,Male,61188,(815) 555-0137,20-01-2023,20/01/2023,OP,1906688282,"Hansen, Ethan",F43.10,anxiety and panic episodes,self-pay,"77,035",Rejected,08/02/2023 20:56:21
LEGACY_MEDITECH,133739,Riverbend Community Hospital,MT1000108,Emily,Thompson,21/02/1940,Female,52013,(563) 555-0126,13 Jun 2024,15-06-2024,Observation,1585003704,"Schmidt, Luis",I50.22,shortness of breath and leg swelling for several days,MCR,,PAID,27/06/2024 19:41:27
LEGACY_MEDITECH,131955,Riverbend CH,MT1000954,Paul D,Kowalski,02/06/1967,Male,54388,(262) 555-0132,22 Jul 2024,22 Jul 2024,Out Patient,1585003704,"Schmidt, Luis",E11.9 - Type 2 diabetes mellitus without complications,diabetic follow-up and medication refill,Blue Cross Blue Shield,70222,Paid,07/08/2024 01:11:36
LEGACY_MEDITECH,123428,HARBOR PT BEHAVIORAL HLTH,MT1003417,Maria,Garcia-Lopez,27/07/1955,Female,61180,(815) 555-0149,12/06/2023,19/06/2023,INPT,1432627051,Dr. Katherine Nguyen,F43.10,"medication review, feeling stable",MEDICARE PART A,691205,Paid in Full,27/06/2023 20:38:21
LEGACY_MEDITECH,120596,Harbor Point Behavioral Health,MT1002931,Michelle,O'Brien,11/07/2008,Female,53765,(414) 555-0123,15/04/2024,5 May 2024,INPT,1458421082,"Lopez, Olivia",F32.9,increased agitation and racing thoughts,Cigna,3992027,Closed - Paid,18/05/2024 23:39:33
LEGACY_MEDITECH,100535,HARBOR PT BEHAVIORAL HLTH,MT1000542,Lisa,Lee,30-09-1930,Female,61002,(815) 555-0144,12 Apr 2024,2024-04-12,TELEMED,1458421082,"Lopez, Olivia",F41.1,increased agitation and racing thoughts,MCR,26807,PAID,22/04/2024 08:50:38
LEGACY_MEDITECH,108133,Harbor Point Behavioral Health,MT1003642,Susan,Miller,28-12-1962,Female,61023,(815) 555-0187,15-01-2023,15/01/2023,Video Visit,1432627051,Dr. Katherine Nguyen,F41.1,increased agitation and racing thoughts,CIGNA HEALTH, 16192,Paid in Full,17/01/2023 03:58:17
LEGACY_MEDITECH,115995,Harbor Point Behavioral Health,MT1001275,Tyler,Williams,18-08-1958,Male,61085,(815) 555-0131,01-05-2023,,Out Patient,1432627051,Dr. Katherine Nguyen,F41.1,low mood and poor sleep,MEDICARE PART A,"93,889",Paid in Full,05/05/2023 04:26:07
LEGACY_MEDITECH,104207,Riverbend CH,MT1002808,Anthony,Novak,26 May 1989,Male,52415,(563) 555-0159,09-06-2024,09/06/2024,OBS,1585003704,"Schmidt, Luis",E11.65,diabetic follow-up and medication refill,Aetna,332919.0,Paid,18/06/2024 03:36:21
LEGACY_MEDITECH,116405,Harborpoint Behavioral Health,MT1001731,Sarah,Brown,27/12/1994,Female,61028,(815) 555-0182,12 Feb 2023,,Virtual,1538453550,"Martinez, Carlos",f41.1,increased agitation and racing thoughts,Blue Cross Blue Shield,31025,Paid in Full,02/03/2023 04:17:59
LEGACY_MEDITECH,115410,HARBOR PT BEHAVIORAL HLTH,MT1001321,Aaron,King,18/07/1973,Male,61188,(815) 555-0137,01-08-2024,,Office Visit,1906688282,Dr. Ethan Hansen,F32.9,"medication review, feeling stable",Uninsured,14727.0,Paid,10/08/2024 16:54:09
LEGACY_MEDITECH,134917,Harbor Point Behavioral Health,MT1002694,Sandra,Hall,18 Apr 1939,Female,61184,(815) 555-0199,2023-09-09,9 Sep 2023,OP,1458421082,"Lopez, Olivia",F32.9,increased agitation and racing thoughts,MEDICARE PART A,127672,PAID,27/09/2023 06:41:04
LEGACY_MEDITECH,123899,Riverbend Community Hospital,MT1000380,Priya,Thompson,1979-10-19,Female,52036,(563) 555-0100,18/07/2024,25/07/2024,inpatient admission,1406925663,"Mueller, Rebecca",A41.9,burning on urination,MEDICAID,3718573,Paid,04/08/2024 18:30:42
LEGACY_MEDITECH,114474,Riverbend CH,MT1003286,Linda,Novak,31/05/1977,Female,53150,(414) 555-0132,10/03/2024,17/03/2024,IP,1585003704,Dr. Luis Schmidt,I10,headache with elevated blood pressure,MEDICAID,2127023.0,Paid in Full,05/04/2024 01:03:00
LEGACY_MEDITECH,103105,Riverbend Community Hospital,MT1003192,Kevin,Miller,11/03/1943,Male,53142,(262) 555-0145,27 Jul 2024,28/07/2024,EMERGENCY DEPT,1764529123,"Jackson, Thomas",j18.9,burning on urination,Medicaid,223369,Paid in Full,31/07/2024 02:56:24
LEGACY_MEDITECH,132796,Harbor Point BH,MT1002699,Robert,Becker,07-03-1973,Male,61018,(815) 555-0126,2023-03-29,,Outpatient,1458421082,Dr. Olivia Lopez,F41.1,low mood and poor sleep,IA Medicaid,"155,442",Cancelled,18/04/2023 06:53:46
LEGACY_MEDITECH,107129,RIVERBEND COMM HOSP,MT1000624,Daniel,Davis,02/04/1963,Male,52037,(563) 555-0162,10/07/2024,11/07/2024,Observation,1406925663,"Mueller, Rebecca",I50.22,"heart failure follow-up, fluid tablets review",Medicaid,322186,DENIED,25/07/2024 05:16:50
LEGACY_MEDITECH,110820,Riverbend Community Hospital,MT1001662,Emily,Davis,27-03-1954,Female,52457,(563) 555-0144,2024-09-04,6 Sep 2024,OBS,1585003704,"Schmidt, Luis",e11.65,high blood sugar readings at home,Medicare, 1567817,Closed - Paid,10/09/2024 10:50:13
LEGACY_MEDITECH,117968,Riverbend Community Hosp.,MT1002561,PATRICIA,PETERSON,24/09/1977,Female,53759,(414) 555-0107,21/08/2024,21 Aug 2024,Emergency,1228088641,"Patel, Jessica",S93.401A,head injury after a fall,Workers Comp,108604,Closed - Paid,11/09/2024 00:39:36
LEGACY_MEDITECH,129987,HARBOR PT BEHAVIORAL HLTH,MT1001242,Patricia,Lopez,,Female,61146,(815) 555-0159,24/09/2024,24-09-2024,Outpatient,1538453550,Dr. Carlos Martinez, F33.1 ,increased agitation and racing thoughts,UnitedHealthcare,192249,Paid,04/10/2024 16:06:51
LEGACY_MEDITECH,105132,Riverbend Community Hospital,MT1000649,Paul,Clark,03/07/1972,Male,54186,(414) 555-0167,17-05-2024,17/05/2024,EMERGENCY DEPT,1228088641,Dr. Jessica Patel,R51.9,chest pain,IA Medicaid,74318,PAID,21/05/2024 09:54:57
LEGACY_MEDITECH,119442,Riverbend CH,MT1001026,James,Mueller,14-06-1961,Male,52049,(563) 555-0162,2024-03-20,27/03/2024,Inpatient,1406925663,"Mueller, Rebecca","A41.9 - Sepsis, unspecified organism",fever and cough,State Medicaid Plan,5976290,CANCELLED,08/04/2024 14:53:14
LEGACY_MEDITECH,119901,HARBOR PT BEHAVIORAL HLTH,MT1001187,Omar,Rodriguez,20/11/1950,Male,61019,(815) 555-0150,12 Aug 2023,,Video Visit,1458421082,Dr. Olivia Lopez,F41.1,increased agitation and racing thoughts,MCR,"20,571",Closed - Paid,13/08/2023 02:17:27
LEGACY_MEDITECH,102497,Riverbend CH,MT1001348,Laura,Jones,1960-01-02,Female,52068,(563) 555-0167,26-03-2024,25-03-2024,Emergency,1764529123,Dr. Thomas Jackson,"J18.9 - Pneumonia, unspecified organism",sore throat and fever,MEDICARE PART A,89036,Paid,29/03/2024 22:56:20
LEGACY_MEDITECH,129219,Harbor Point Behavioral Health,MT1000116,Priya,Harris,27/02/1982,Female,61031,(815) 555-0165,25/11/2023,30/11/2023,IN-PATIENT,1906688282,Dr. Ethan Hansen,F33.1,increased agitation and racing thoughts,Blue Cross Blue Shield,602819,DENIED,04/12/2023 06:20:18
LEGACY_MEDITECH,123639,RIVERBEND COMM HOSP,MT1003666,Sarah,Williams,26/01/1970,Female,52069,(563) 555-0125,19 Sep 2024,2024-09-29,inpatient admission,1406925663,"Mueller, Rebecca",J18.9,confusion and high fever,CIGNA HEALTH,996755,PAID,19/10/2024 06:24:17
LEGACY_MEDITECH,121802,HARBOR PT BEHAVIORAL HLTH,MT1000807,Robert,Johnson,1988-02-11,Male,61092,(815) 555-0167,2024-05-28,,,1458421082,"Lopez, Olivia",F33.1,low mood and poor sleep,Self Pay,82906,Closed - Paid,13/06/2024 01:25:08
LEGACY_MEDITECH,136900,Harbor Point Behavioral Health,MT1000807,Robert,Johnson,1988-02-11,Male,61092,(815) 555-0167,12-04-2024,2024-04-18,IN-PATIENT,1432627051,"Nguyen, Katherine",F31.9,anxiety and panic episodes,self-pay,3768167,Paid in Full,23/04/2024 08:03:53
LEGACY_MEDITECH,103380,Riverbend Community Hospital,MT1003157,Hannah,Hansen,16/01/1964,Female,52468,(319) 555-0139,07-06-2024,2024-06-08,Inpatient,1585003704,"Schmidt, Luis",a41.9,fever and cough,MEDICAID,1246861.0,Paid in Full,11/06/2024 14:09:31
LEGACY_MEDITECH,131358,Harbor Point Behavioral Health,MT1001697,Rebecca,White,27 Sep 1948,Female,61069,(815) 555-0137,19-03-2024,04/04/2024,Inpatient,1458421082,Dr. Olivia Lopez,F31.9,anxiety and panic episodes,Medicare - Part B,"2,630,129",PAID,28/04/2024 08:20:53
LEGACY_MEDITECH,127709,Riverbend Community Hospital,MT1000790,Steven,Novak,1956-12-30,Male,52036,(563) 555-0114,16/07/2024,17-07-2024,Observation,1585003704,Dr. Luis Schmidt,I48.91,palpitations and dizziness,Medicare - Part B,"1,362,684",Closed - Paid,29/07/2024 12:02:57
LEGACY_MEDITECH,115970,Harbor Point Behavioral Health,MT1001731,Sarah,Brown,27 Dec 1994,Female,61028,(815) 555-0182,2024-01-14,2024-01-25,Inpatient,1538453550,"Martinez, Carlos",f32.9,increased agitation and racing thoughts,Blue Cross Blue Shield, 3007700,Paid in Full,14/02/2024 11:48:02
LEGACY_MEDITECH,117903,Harbor Point Behavioral Health,MT1000116,Priya,Harris,27/02/1982,Female,61031,(815) 555-0165,18/06/2023,29/06/2023,INPT,1458421082,"Lopez, Olivia",F33.1,low mood and poor sleep,AETNA INC, 728114,Closed - Paid,07/07/2023 05:21:13
LEGACY_MEDITECH,108548,Riverbend Community Hospital,MT1001520,Mary,Walker,03/11/1966,Female,52039,(563) 555-0106,16/06/2024,25-06-2024,Inpatient,1129110288,Dr. Susan Jensen,"J18.9 - Pneumonia, unspecified organism",sore throat and fever,MEDICAID,"5,065,297",Paid,07/07/2024 08:15:24
LEGACY_MEDITECH,133013,Harborpoint Behavioral Health,MT1000542,Lisa,Lee,1930-09-30,Female,61002,(815) 555-0144,02/06/2024,02/06/2024,Office Visit,1538453550,Dr. Carlos Martinez,F41.1,"medication review, feeling stable",MCR,12..50,Paid in Full,04/06/2024 18:42:03
LEGACY_MEDITECH,134129,Harbor Point BH,MT1001697,Rebecca,White,27/09/1948,Female,61069,(815) 555-0137,15/02/2024,2024-02-15,OP,1538453550,"Martinez, Carlos",F411,"medication review, feeling stable",MCR,132128,Closed - Paid,16/02/2024 17:26:01
LEGACY_MEDITECH,109031,HARBOR PT BEHAVIORAL HLTH,MT1002325,Aaron,Kowalski,12/10/1961,Male,61059,(815) 555-0155,21/02/2023,06/03/2023,Inpatient,1906688282,"Hansen, Ethan",F33.1,low mood and poor sleep,IA Medicaid,"1,005,418",Paid in Full,12/03/2023 01:32:38
LEGACY_MEDITECH,127751,RIVERBEND COMM HOSP,MT1003565,Rebecca,Patel,26/08/1971,Female,52430,(319) 555-0191,24/07/2024,24/07/2024,Observation,1585003704,"Schmidt, Luis",I48.91,crushing chest pain spreading to left arm,Uninsured,631689.0,PAID,02/08/2024 14:59:02
LEGACY_MEDITECH,137455,Riverbend Community Hospital,MT1001928,Samuel,Jackson,09-04-1982,Male,52426,(563) 555-0179,02-10-2024,10-10-2024,IN-PATIENT,1406925663,Dr. Rebecca Mueller,N17.9,"very little urine output, nausea",Aetna,1022914.0,Rejected,24/10/2024 12:27:57
LEGACY_MEDITECH,137700,Riverbend Community Hospital,MT1002360,Aaron,Lewis,19/01/1949,Male,53114,(262) 555-0199,2024-03-12,2024-03-13,Emergency Room,1764529123,Dr. Thomas Jackson,S06.0X0A,twisted ankle playing basketball,Medicare - Part B,"99,291",Closed - Paid,03/04/2024 15:09:48
LEGACY_MEDITECH,114463,Harbor Point Behavioral Health,MT1000291,Mary,Davis,07/02/1992,Female,61015,(815) 555-0168,29/09/2023,,Virtual,1906688282,Dr. Ethan Hansen,"F33.1 - Major depressive disorder, recurrent, moderate",low mood and poor sleep,BCBS,27458,Closed - Paid,02/10/2023 09:40:05
LEGACY_MEDITECH,113204,Harbor Point Behavioral Health,MT1002699,Robert,Becker,07/03/1973,Male,61018,(815) 555-0126,21/04/2023,21/04/2023,TELEMED,1432627051,"Nguyen, Katherine",F32.9,low mood and poor sleep,State Medicaid Plan,9684,Paid,15/05/2023 08:16:19
LEGACY_MEDITECH,103690,Riverbend Community Hospital,MT1002360,Aaron,Lewis,19/01/1949,Male,53114,(262) 555-0199,13 Mar 2024,13/03/2024,ER,1764529123,"Jackson, Thomas",R109,abdominal pain since morning,Medicare,162987,Paid,21/03/2024 11:51:58
LEGACY_MEDITECH,102147,RIVERBEND COMM HOSP,MT1002397,Brian,Wagner,31/03/1993,Male,52450,(319) 555-0164,05/07/2024,05-07-2024,OBS,1406925663,Dr. Rebecca Mueller,R07.9,severe headache,IA Medicaid,849412,Closed - Paid,24/07/2024 06:47:58
LEGACY_MEDITECH,132006,Riverbend Community Hospital,MT1002318,Rajesh,Van Dyke,10-08-1982,Male,52059,(563) 555-0121,17/10/2024,18/10/2024,Emergency,1930733682,Dr. Linda Van Dyke,E11.65 - Type 2 diabetes mellitus with hyperglycemia,high blood sugar readings at home,Aetna,71264,Paid,21/10/2024 12:23:01
LEGACY_MEDITECH,117661,Harbor Point Behavioral Health,MT1000140,William,Lee,31-12-1966,Male,61000,(815) 555-0127,22/05/2023,05/06/2023,Inpatient,1432627051,Dr. Katherine Nguyen,F43.10,"medication review, feeling stable",Aetna, 1989096,PAID,18/06/2023 21:46:15
LEGACY_MEDITECH,123863,Harbor Point Behavioral Health,MT1001494,Susan,White,16/03/1967,Female,61189,(815) 555-0156,07/11/2023,07/11/2023,Out Patient,1458421082,Dr. Olivia Lopez,F32.9,"medication review, feeling stable",AETNA INC,77190,Paid in Full,22/11/2023 08:05:07
LEGACY_MEDITECH,116755,Riverbend Community Hospital,MT1000792,Thomas,Nguyen,1941-02-26,Male,52446,(563) 555-0104,17-09-2024,17 Sep 2024,EMERGENCY DEPT,1228088641,Dr. Jessica Patel,I10,headache with elevated blood pressure,CIGNA HEALTH,1042278,Paid,18/09/2024 23:28:54
LEGACY_MEDITECH,135156,Harbor Point Behavioral Health,MT1000793,MEI,KING,01/01/1986,Female,52464,(319) 555-0169,13-02-2024,,OP,1906688282,Dr. Ethan Hansen,F43.10,"medication review, feeling stable",Aetna,28531,Closed - Paid,14/02/2024 00:07:51
LEGACY_MEDITECH,129823,Harbor Point Behavioral Health,MT1000800,Chloe,Jones,20-05-1965,Female,53786,(414) 555-0192,26/08/2023,,Office Visit,1432627051,"Nguyen, Katherine",F41.1,"medication review, feeling stable",CIGNA HEALTH, 83918,Closed - Paid,17/09/2023 19:06:40
LEGACY_MEDITECH,110226,Riverbend Community Hosp.,MT1000108,Emily,Thompson,1940-02-21,Female,52013,(563) 555-0126,2024-04-09,13/04/2024,INPT,1585003704,"Schmidt, Luis",I50.9,"heart failure follow-up, fluid tablets review",Medicare,2342946,Paid in Full,26/04/2024 18:31:32
LEGACY_MEDITECH,132836,Riverbend Community Hospital,MT1000715,Michelle,Wagner,1963-07-19,Female,52433,(563) 555-0182,08-02-2031,24/05/2024,IN-PATIENT,1129110288,"Jensen, Susan", J18.9 ,sore throat and fever,AETNA INC,"2,957,416",PAID,29/05/2024 02:53:56
LEGACY_MEDITECH,129941,Harbor Point Behavioral Health,MT1000423,Ethan,Garcia-Lopez,27/08/1970,Male,61183,(815) 555-0170,14/07/2024,14-07-2024,Out Patient,1906688282,"Hansen, Ethan",F32.9,increased agitation and racing thoughts,BadgerCare Plus,"41,693",Denied,18/07/2024 15:51:27
LEGACY_MEDITECH,109816,HARBOR PT BEHAVIORAL HLTH,MT1000559,Thomas,Smith,1967-03-31,Male,61075,(815) 555-0188,15 Jan 2023,2023-01-23,INPT,1538453550,"Martinez, Carlos",F31.9,increased agitation and racing thoughts,Self Pay,1765841.0,Paid in Full,04/02/2023 04:17:10
LEGACY_MEDITECH,120562,Harborpoint Behavioral Health,MT1001407,Tyler,Schultz,,Male,61111,(815) 555-0196,2024-05-17,,Video Visit,1538453550,"Martinez, Carlos",F41.1,increased agitation and racing thoughts,Medicare,28954,PAID,28/05/2024 09:05:41
LEGACY_MEDITECH,137552,Harbor Point Behavioral Health,MT1001865,James,Smith,01/01/1965,Male,61184,(815) 555-0151,17/08/2023,17/08/2023,Outpatient,1538453550,Dr. Carlos Martinez,F33.1,anxiety and panic episodes,AETNA INC,15546,Paid in Full,25/08/2023 20:32:14
LEGACY_MEDITECH,118520,Riverbend Community Hospital,MT1001043,Noah,Smith,1955-08-18,Male,52018,(563) 555-0193,29/06/2024,30/06/2024,EMERGENCY DEPT,1228088641,"Patel, Jessica","S06.0X0A - Concussion without loss of consciousness, initial encounter",head injury after a fall,Medicare - Part B,323801,Closed - Paid,20/07/2024 20:14:26
LEGACY_MEDITECH,116357,HARBOR PT BEHAVIORAL HLTH,MT1001407,Tyler,Schultz,,Male,61111,(815) 555-0196,29/05/2024,29/05/2024,Outpatient,1906688282,Dr. Ethan Hansen,F41.1,increased agitation and racing thoughts,MCR,128916,DENIED,10/06/2024 12:31:54
LEGACY_MEDITECH,133646,Riverbend Community Hospital,MT1000649,Paul,Clark,03/07/1972,Male,54186,(414) 555-0167,2024-08-16,19/08/2024,IN-PATIENT,1585003704,Dr. Luis Schmidt, I21.9 ,palpitations and dizziness,BadgerCare Plus,2881353,PAID,11/09/2024 03:43:12
LEGACY_MEDITECH,121244,Harbor Point Behavioral Health,MT1000159,Noah,Peterson,13/11/1995,Male,61017,(815) 555-0119,2023-03-16,2023-03-16,Telehealth,1458421082,"Lopez, Olivia",F329,increased agitation and racing thoughts,Blue Cross Blue Shield,8487,Paid,02/04/2023 04:07:31
LEGACY_MEDITECH,124364,Riverbend Community Hospital,MT1002064,Aaron,Johnson,23/09/1967,Male,52468,(319) 555-0107,29/03/2024,29/03/2024,ER,1228088641,"Patel, Jessica",N186,kidney function review,Aetna,991294,Closed - Paid,05/04/2024 01:19:35
LEGACY_MEDITECH,120920,Riverbend Community Hospital,MT1000055,Aaron,Olson,09/09/1968,Male,52093,(319) 555-0191,11-04-2024,11/04/2024,Emergency Room,1228088641,Dr. Jessica Patel,I10,hypertension follow-up,BCBS, 210070,Closed - Paid,18/04/2024 03:42:55
LEGACY_MEDITECH,118438,Riverbend Community Hospital,MT1002030,Thomas,Wilson,02-05-1967,Male,52454,(319) 555-0169,21/11/2024,21 Nov 2024,OP,1585003704,"Schmidt, Luis",Z23,flu shot,self-pay,"84,896",Paid in Full,11/12/2024 02:50:16
LEGACY_MEDITECH,119208,Harbor Point Behavioral Health,MT1000140,William,Lee,31/12/1966,Male,61000,(815) 555-0127,21/02/2023,21/02/2023,Telehealth,1906688282,Dr. Ethan Hansen,F32.9,increased agitation and racing thoughts,CIGNA HEALTH, 10669,Closed - Paid,05/03/2023 15:49:41
LEGACY_MEDITECH,100019,Riverbend CH,MT1001809,Maria,Wagner,09-01-1951,Female,52026,(563) 555-0144,06/09/2024,07/09/2024,Observation,1585003704,"Schmidt, Luis",E11.65,diabetic follow-up and medication refill,MEDICARE PART A,1515874,PAID,26/09/2024 08:47:29
LEGACY_MEDITECH,104901,Riverbend Community Hosp.,MT1000108,Emily,Thompson,21 Feb 1940,Female,52013,(563) 555-0126,2024-04-02,14/04/2024,INPT,1347897138,,I63.9,slurred speech and facial droop,MEDICARE PART A,1446445.0,Paid,15/04/2024 01:35:41
LEGACY_MEDITECH,131527,Harbor Point Behavioral Health,MT1002197,Carlos,Williams,1953-11-09,Male,61169,(815) 555-0135,2023-06-22,,OP,1458421082,Dr. Olivia Lopez,F43.10,anxiety and panic episodes,Medicare - Part B, 98829,Paid in Full,10/07/2023 07:20:34
LEGACY_MEDITECH,117428,Riverbend Community Hospital,MT1003192,Kevin,Miller,11-03-1943,Male,53142,(262) 555-0145,22/11/2024,22/11/2024,Outpatient,1585003704,Dr. Luis Schmidt,z23,flu shot,MEDICAID,64986,SUBMITTED,24/11/2024 07:45:44
LEGACY_MEDITECH,121627,Harborpoint Behavioral Health,MT1000837,Priya,Williams,07/06/1967,Female,61193,(815) 555-0193,17/04/2023,20-04-2023,Inpatient,1432627051,"Nguyen, Katherine",F4310,low mood and poor sleep,UHC,"825,129",PAID,11/05/2023 17:53:54
LEGACY_MEDITECH,133116,RIVERBEND COMM HOSP,MT1002245,Mary,Lewis,24/11/1960,Female,52480,(563) 555-0112,20 Aug 2024,,Office Visit,1585003704,Dr. Luis Schmidt,I10,headache with elevated blood pressure,BadgerCare Plus,53692,VOIDED,22/08/2024 11:20:19
LEGACY_MEDITECH,110992,Riverbend Community Hospital,MT1001727,Olivia,King,21-06-1990,Female,52066,(563) 555-0184,20-04-2024,21/04/2024,IN-PATIENT,1129110288,Dr. Susan Jensen,A41.9,fever and cough,UHC,4742100,Paid in Full,28/04/2024 02:37:26
LEGACY_MEDITECH,139478,Harbor Point Behavioral Health,MT1001416,Grace,Nguyen,16/11/1960,Female,61163,(815) 555-0116,27/06/2024,,Virtual,1906688282,"Hansen, Ethan",F32.9,"medication review, feeling stable",BCBS,20708,Void,29/06/2024 17:19:32
LEGACY_MEDITECH,102389,Harbor Point Behavioral Health,MT1002726,Ana D,Williams,30/06/1946,Female,61070,(815) 555-0126,04/10/2024,19/10/2024,INPT,1432627051,Dr. Katherine Nguyen,F33.1,"medication review, feeling stable",Medicare,"1,087,038",Paid in Full,22/10/2024 03:58:07
LEGACY_MEDITECH,128575,Harbor Point Behavioral Health,MT1000159,Noah,Peterson,13/11/1995,Male,61017,(815) 555-0119,2023-05-30,16/06/2023,INPT,1906688282,"Hansen, Ethan",F31.9,"medication review, feeling stable",BCBS,"1,314,167",Cancelled,07/07/2023 09:59:30
LEGACY_MEDITECH,110028,Harbor Point Behavioral Health,MT1003329,Ashley,Becker,18/01/1977,Female,61123,(815) 555-0139,26/04/2023,08/05/2023,INPT,1432627051,"Nguyen, Katherine",F43.10,anxiety and panic episodes,Medicare - Part B,855169,PAID,13/05/2023 02:27:36
LEGACY_MEDITECH,119157,RIVERBEND COMM HOSP,MT1001026,James,Mueller,14 Jun 1961,Male,52049,(563) 555-0162,16 Apr 2024,20/04/2024,IN-PATIENT,1406925663,Dr. Rebecca Mueller,E11.65 - Type 2 diabetes mellitus with hyperglycemia,fatigue and excessive thirst,MEDICAID,4968154.0,DENIED,27/04/2024 18:54:19
LEGACY_MEDITECH,124642,Riverbend Community Hospital,MT1001753,Matthew,Becker,18 Jun 1953,Male,52474,(563) 555-0124,23-03-2024,23/03/2024,Emergency Room,1764529123,"Jackson, Thomas",N186,dialysis follow-up,MEDICARE PART A,"500,104",Cancelled,06/04/2024 20:26:09
LEGACY_MEDITECH,117990,Riverbend Community Hosp.,MT1001928,Samuel,Jackson,09/04/1982,Male,52426,(563) 555-0179,18-09-2024,18/09/2024,EMERGENCY DEPT,1228088641,"Patel, Jessica",J44.1,productive cough with low oxygen readings at home,AETNA INC,1115556,Paid,29/09/2024 01:55:54
LEGACY_MEDITECH,127220,Riverbend CH,MT1002887,Robert,Schmidt,10-02-1965,Male,52420,(319) 555-0199,13-06-2024,2024-06-22,Inpatient,1585003704,"Schmidt, Luis",J44.1,"COPD review, breathing stable",BadgerCare Plus, 2102377,Closed - Paid,26/06/2024 00:52:19
LEGACY_MEDITECH,132710,Harbor Point Behavioral Health,MT1001955,JOSHUA,JONES,22 May 1969,Male,53118,(262) 555-0112,27/05/2024,12-06-2024,INPT,1538453550,"Martinez, Carlos",F43.10,anxiety and panic episodes,CIGNA HEALTH,1718945,Paid,13/06/2024 14:23:04
LEGACY_MEDITECH,129582,Riverbend CH,MT1001036,Andrew,Martinez,14/02/1951,Male,52449,(319) 555-0176,2024-05-04,04/05/2024,ER,1228088641,"Patel, Jessica",I50.22,"worsening breathlessness on exertion, weight up 3 kg",MCR,431900,Paid,13/05/2024 19:16:11
LEGACY_MEDITECH,114492,Harbor Point BH,MT1003642,Susan,Miller,28-12-1962,Female,61023,(815) 555-0187,30/04/2023,,OP,1906688282,"Hansen, Ethan",F331,low mood and poor sleep,Blue Cross Blue Shield,21195,Closed - Paid,16/05/2023 02:25:30
LEGACY_MEDITECH,133904,Riverbend Community Hospital,MT1003705,MICHAEL,GARCIA,1955-03-01,Male,52088,(563) 555-0108,12/03/2024,12-03-2024,Office Visit,1585003704,Dr. Luis Schmidt,I10,blood pressure check,MCR,31582,Closed - Paid,25/03/2024 15:53:18
LEGACY_MEDITECH,118605,Harbor Point Behavioral Health,MT1002562,Noah,Larson,1971-07-21,Male,61146,(815) 555-0115,21/11/2024,05/12/2024,Inpatient,1458421082,"Lopez, Olivia",F33.1,"medication review, feeling stable",State Medicaid Plan,777155,SUBMITTED,06/12/2024 10:16:31
LEGACY_MEDITECH,128309,Harbor Point BH,MT1002197,Carlos,Williams,09/11/1953,Male,61169,(815) 555-0135,13/09/2024,,Out Patient,1906688282,"Hansen, Ethan",F33.1,low mood and poor sleep,Medicare - Part B,"120,337",Paid,19/09/2024 00:20:13
LEGACY_MEDITECH,115016,Harbor Point BH,MT1003642,Susan,Miller,28/12/1962,Female,61023,(815) 555-0187,13/08/2024,2024-09-03,IN-PATIENT,1906688282,"Hansen, Ethan",F331,low mood and poor sleep,AETNA INC,2021926,VOIDED,12/09/2024 01:47:29
LEGACY_MEDITECH,100513,Harbor Point Behavioral Health,MT1000282,Patricia,White,10/03/2006,Female,61150,(815) 555-0153,02/10/2024,11/10/2024,INPT,1458421082,"Lopez, Olivia",F33.1,low mood and poor sleep,Cigna,1012728,Paid in Full,19/10/2024 09:52:46
LEGACY_MEDITECH,139141,Riverbend CH,MT1001809,Maria,Wagner,9 Jan 1951,Female,52026,(563) 555-0144,22 Mar 2024,23/03/2024,Emergency,1228088641,Dr. Jessica Patel, E11.65 ,fatigue and excessive thirst,Medicare,N/A,PAID,06/04/2024 01:46:27
LEGACY_MEDITECH,108609,Riverbend Community Hosp.,MT1000204,Margaret,Schultz,19/05/1949,Female,52415,(319) 555-0115,21/10/2024,21/10/2024,OP,1585003704,Dr. Luis Schmidt,I10,blood pressure check,MCR,"28,555",Closed - Paid,08/11/2024 21:00:18
LEGACY_MEDITECH,100552,RIVERBEND COMM HOSP,MT1001457,Paul,Olson,11 May 1964,Male,53139,(608) 555-0163,19-11-2024,2024-11-30,Inpatient,1406925663,Dr. Rebecca Mueller,N17.9,"very little urine output, nausea",AETNA INC, 1424003,SUBMITTED,24/12/2024 08:29:33
LEGACY_MEDITECH,122878,Harbor Point BH,MT1000559,Thomas,Smith,31/03/1967,Male,61075,(815) 555-0188,11/01/2024,11/01/2024,Out Patient,1432627051,"Nguyen, Katherine",F43.10,"medication review, feeling stable",self-pay,34340,Void,26/01/2024 12:22:55
LEGACY_MEDITECH,108196,Riverbend Community Hospital,MT1000327,Jacob,Clark,11/08/1964,Male,52402,(319) 555-0173,04/07/2024,13/07/2024,Inpatient,1585003704,Dr. Luis Schmidt,J18.9,burning on urination,Blue Cross Blue Shield,3602582,PAID,26/07/2024 22:18:07
LEGACY_MEDITECH,117475,Harborpoint Behavioral Health,MT1000282,Patricia,White,10/03/2006,Female,61150,(815) 555-0153,19/10/2023,19 Oct 2023,Virtual,1538453550,"Martinez, Carlos",F33.1,low mood and poor sleep,UHC,8012,Paid in Full,05/11/2023 20:35:18
LEGACY_MEDITECH,138155,Harbor Point Behavioral Health,MT1000291,Mary,Davis,07-02-1992,Female,61015,(815) 555-0168,14-01-2023,4 Feb 2023,inpatient admission,1458421082,Dr. Olivia Lopez,F43.10,low mood and poor sleep,UnitedHealthcare,1781281,Closed - Paid,01/03/2023 03:44:06
LEGACY_MEDITECH,128567,Harbor Point Behavioral Health,MT1001639,Elizabeth,Olson,14 Jan 1993,Female,61075,(815) 555-0138,07/07/2024,,Out Patient,1538453550,"Martinez, Carlos",F411,anxiety and panic episodes,UHC,"99,661",PAID,31/07/2024 07:20:08
LEGACY_MEDITECH,104665,Riverbend Community Hosp.,MT1002887,Robert,Schmidt,10-02-1965,Male,52420,(319) 555-0199,15/06/2024,15/06/2024,OBS,1585003704,"Schmidt, Luis",R07.9,abdominal pain since morning,MEDICAID, 1707018,Closed - Paid,09/07/2024 01:28:12
LEGACY_MEDITECH,129553,Harborpoint Behavioral Health,MT1002197,Carlos,Williams,9 Nov 1953,Male,61169,(815) 555-0135,27-08-2023,2023-08-27,Virtual,1458421082,Dr. Olivia Lopez,F33.1,"medication review, feeling stable",MCR,"12,837",Closed - Paid,04/09/2023 08:27:45
LEGACY_MEDITECH,114644,Harborpoint Behavioral Health,MT1000140,William,Lee,31 Dec 1966,Male,61000,(815) 555-0127,14/10/2023,26-10-2023,,1906688282,Dr. Ethan Hansen,F329,increased agitation and racing thoughts,Blue Cross Blue Shield,"1,484,297",Closed - Paid,31/10/2023 06:36:26
LEGACY_MEDITECH,106914,Harbor Point Behavioral Health,MT1001407,Tyler,Schultz,,Male,61111,(815) 555-0196,29 Apr 2023,02/05/2023,IN-PATIENT,1538453550,"Martinez, Carlos",F43.10,"medication review, feeling stable",Medicare - Part B,"790,573",PAID,04/05/2023 16:59:50
LEGACY_MEDITECH,135512,Harbor Point Behavioral Health,MT1000542,Lisa,Lee,30 Sep 1930,Female,61002,(815) 555-0144,27/09/2023,27/09/2023,Office Visit,1458421082,Dr. Olivia Lopez,F33.1,increased agitation and racing thoughts,Medicare - Part B,233124,Paid,15/10/2023 05:21:57
LEGACY_MEDITECH,112860,Harbor Point Behavioral Health,MT1001377,Elizabeth,Martinez,30/04/1982,Female,61045,(815) 555-0125,7 Apr 2024,07-04-2024,OP,1432627051,"Nguyen, Katherine",F43.10,low mood and poor sleep,IA Medicaid,148512,Closed - Paid,16/04/2024 19:15:18
LEGACY_MEDITECH,132432,Riverbend Community Hospital,MT1000447,PAUL,MUELLER,11/12/1981,Male,54382,(414) 555-0182,09/09/2024,2024-09-13,IP,1406925663,"Mueller, Rebecca",I48.91,crushing chest pain spreading to left arm,Cigna,1480209,Denied,07/10/2024 15:33:24
LEGACY_MEDITECH,135861,Harbor Point Behavioral Health,MT1001377,Elizabeth,Martinez,30/04/1982,Female,61045,(815) 555-0125,15 Apr 2023,,Outpatient,1432627051,"Nguyen, Katherine",f32.9,"medication review, feeling stable",BadgerCare Plus,17017,Denied,07/05/2023 09:48:49
LEGACY_MEDITECH,109837,Harbor Point Behavioral Health,MT1001407,Tyler,Schultz,,Male,61111,(815) 555-0196,21/11/2023,10 Dec 2023,INPT,1906688282,"Hansen, Ethan",F31.9,anxiety and panic episodes,MCR,3355298.0,Denied,16/12/2023 10:07:10
LEGACY_MEDITECH,120347,Riverbend CH,MT1001394,Priya,Lopez,6 Mar 2006,Female,52038,(319) 555-0196,20/04/2024,23/04/2024,IN-PATIENT,1129110288,"Jensen, Susan",A41.9,sore throat and fever,UHC,3350704,Paid,18/05/2024 00:37:17
LEGACY_MEDITECH,103030,Riverbend CH,MT1003666,Sarah,Williams,26-01-1970,Female,52069,(563) 555-0125,17/03/2024,17 Mar 2024,EMERGENCY DEPT,1228088641,Dr. Jessica Patel,E11.65,high blood sugar readings at home,CIGNA HEALTH,124316,Closed - Paid,01/04/2024 17:18:51
LEGACY_MEDITECH,117351,Riverbend Community Hosp.,MT1002669,Elizabeth,O'Brien,26-10-1974,Female,52087,(319) 555-0181,06/06/2024,10/06/2024,inpatient admission,1406925663,Dr. Rebecca Mueller,J44.1,productive cough with low oxygen readings at home,CIGNA HEALTH,"2,466,493",PAID,04/07/2024 16:20:17
LEGACY_MEDITECH,117361,Riverbend Community Hosp.,MT1003251,Ethan,Nguyen,22 Apr 1958,Male,53118,(608) 555-0143,2024-11-15,2024-11-20,inpatient admission,1406925663,Dr. Rebecca Mueller,E11.65,high blood sugar readings at home,MCR,"5,365,759",Closed - Paid,13/12/2024 07:47:31
LEGACY_MEDITECH,123766,Riverbend Community Hospital,MT1001394,Priya,Lopez,06/03/2006,Female,52038,(319) 555-0196,09-09-2024,2024-09-09,Office Visit,1585003704,"Schmidt, Luis", I48.91 ,crushing chest pain spreading to left arm,AETNA INC,113013,Paid,27/09/2024 07:38:07
LEGACY_MEDITECH,117382,RIVERBEND COMM HOSP,MT1001888,Brian,Thomas,15/07/1930,Male,52021,(319) 555-0168,15 Aug 2024,23/08/2024,IN-PATIENT,1406925663,Dr. Rebecca Mueller,N179,"very little urine output, nausea",MCR,7396422,Paid in Full,15/09/2024 09:07:36
LEGACY_MEDITECH,125350,Harbor Point Behavioral Health,MT1003364,Priya,Mueller,3 May 1959,Female,61055,(815) 555-0106,23 Oct 2024,2024-11-03,IN-PATIENT,1458421082,"Lopez, Olivia",F43.10,low mood and poor sleep,Medicare - Part B,1278927,Paid in Full,25/11/2024 08:14:25
LEGACY_MEDITECH,122562,Harbor Point Behavioral Health,MT1001144,Barbara,Rodriguez,26-10-1961,Female,61057,(815) 555-0126,17/01/2023,,Office Visit,1538453550,"Martinez, Carlos",F33.1,anxiety and panic episodes,BCBS,40242,Paid,10/02/2023 11:25:41
LEGACY_MEDITECH,124000,HARBOR PT BEHAVIORAL HLTH,MT1000676,Kevin,Becker,1966-09-13,Male,61157,(815) 555-0104,18-08-2023,18-08-2023,Virtual,1458421082,"Lopez, Olivia",F33.1,"medication review, feeling stable",Blue Cross Blue Shield,27062,Closed - Paid,03/09/2023 14:40:54
LEGACY_MEDITECH,114790,Riverbend Community Hospital,MT1001888,Brian,Thomas,15/07/1930,Male,52021,(319) 555-0168,02-05-2024,02-05-2024,Emergency,1228088641,"Patel, Jessica",R51.9,abdominal pain since morning,MEDICARE PART A,195218,PAID,04/05/2024 21:44:35
LEGACY_MEDITECH,121496,Harbor Point BH,MT1002882,James,Wagner,1951-07-29,Male,61110,(815) 555-0181,2023-01-19,01/02/2023,INPT,1538453550,"Martinez, Carlos",F31.9,increased agitation and racing thoughts,MCR,1416219,Closed - Paid,09/02/2023 14:44:19
LEGACY_MEDITECH,118059,Harbor Point BH,MT1001242,Patricia,Lopez,,Female,61146,(815) 555-0159,6 Feb 2023,2023-02-06,OP,1906688282,"Hansen, Ethan",F411,anxiety and panic episodes,Aetna,18734,Closed - Paid,20/02/2023 02:37:31
LEGACY_MEDITECH,117374,Harbor Point Behavioral Health,MT1002699,Robert,Becker,07/03/1973,Male,61018,(815) 555-0126,02/06/2024,2 Jun 2024,Out Patient,1432627051,"Nguyen, Katherine",F43.10,"medication review, feeling stable",IA Medicaid,31588,Closed - Paid,17/06/2024 15:44:16
LEGACY_MEDITECH,123153,Riverbend Community Hospital,MT1003595,Rajesh,Hernandez,27/05/2001,Male,52488,(563) 555-0172,24 Jul 2024,,Out Patient,1585003704,"Schmidt, Luis",M5450,joint stiffness in the morning,UnitedHealthcare,107432,PAID,30/07/2024 16:20:14
LEGACY_MEDITECH,112237,Harbor Point Behavioral Health,MT1003417,Maria,Garcia-Lopez,27-07-1955,Female,61180,(815) 555-0149,7 Jul 2024,07/07/2024,Office Visit,1906688282,Dr. Ethan Hansen,F331,low mood and poor sleep,Medicare,92961,PAID,15/07/2024 09:09:43
LEGACY_MEDITECH,135169,Riverbend Community Hospital,MT1000506,Priya,Martin,11-11-1981,Female,52409,(319) 555-0168,25/08/2024,,Outpatient,1585003704,"Schmidt, Luis",J44.9,"COPD review, breathing stable",CIGNA HEALTH,32988,Paid,30/08/2024 07:26:45
LEGACY_MEDITECH,108441,RIVERBEND COMM HOSP,MT1003779,Ethan,Thomas,07/01/1950,Male,52034,(319) 555-0100,23-09-2024,23-09-2024,Office Visit,1585003704,"Schmidt, Luis",i48.91,palpitations and dizziness,MEDICARE PART A,"152,615",Paid in Full,05/10/2024 16:05:38
LEGACY_MEDITECH,133262,Riverbend Community Hospital,MT1000108,Emily,Thompson,1940-02-21,Female,52013,(563) 555-0126,16/05/2024,17/05/2024,inpatient admission,1406925663,"Mueller, Rebecca", I50.22 ,"heart failure follow-up, fluid tablets review",Medicare,"954,848",Closed - Paid,28/05/2024 23:31:51
LEGACY_MEDITECH,128478,Riverbend Community Hospital,MT1002129,Emily,Kim,12 Feb 1989,Female,52444,(563) 555-0173,2024-04-19,19-04-2024,Emergency Room,1764529123,Dr. Thomas Jackson,J44.1,increased cough and wheezing,Uninsured,308615,Rejected,14/05/2024 13:39:31
LEGACY_MEDITECH,138967,Riverbend Community Hospital,MT1001727,Olivia,King,21/06/1990,Female,52066,(563) 555-0184,15/05/2024,2024-05-23,IP,1129110288,Dr. Susan Jensen,J45.901,asthma flare after a cold,Blue Cross Blue Shield,1223667,PAID,08/06/2024 14:51:53
LEGACY_MEDITECH,100776,Riverbend Community Hospital,MT1002169,Steven,Hansen,11/09/1994,Male,52072,(319) 555-0130,04/04/2024,2024-04-15,IP,1585003704,"Schmidt, Luis",I21.9,crushing chest pain spreading to left arm,BCBS,2184411,Rejected,06/05/2024 07:24:01
LEGACY_MEDITECH,130264,Riverbend Community Hospital,MT1001299,Susan,Moore,17/10/1987,Female,52413,(319) 555-0144,28/11/2024,07/12/2024,inpatient admission,1585003704,"Schmidt, Luis",A41.9,cold symptoms for a week,Tricare,"3,491,892",Pending,25/12/2024 16:16:41
LEGACY_MEDITECH,111911,Harbor Point Behavioral Health,MT1002413,Katherine,Kim,15/12/1965,Female,61077,(815) 555-0117,05/10/2023,,TELEMED,1906688282,"Hansen, Ethan",F411,increased agitation and racing thoughts,MEDICAID,"17,792",Rejected,25/10/2023 16:59:31
LEGACY_MEDITECH,121108,Riverbend Community Hospital,MT1002169,Steven,Hansen,11/09/1994,Male,52072,(319) 555-0130,12/07/2024,,OP,1585003704,"Schmidt, Luis",Z00.00,flu shot,Blue Cross Blue Shield,144893,PAID,27/07/2024 20:35:00
LEGACY_MEDITECH,104962,Harbor Point Behavioral Health,MT1002753,Minh,Walker,17 Oct 1956,Male,61009,(815) 555-0157,13-04-2023,16/04/2023,INPT,1458421082,"Lopez, Olivia",F33.1,anxiety and panic episodes,Medicare, 2092288,DENIED,29/04/2023 21:38:26
LEGACY_MEDITECH,111377,Riverbend Community Hospital,MT1002669,Elizabeth,O'Brien,26/10/1974,Female,52087,(319) 555-0181,29 Jun 2024,2024-06-29,ED,1228088641,"Patel, Jessica",J44.1,"COPD review, breathing stable",Cigna,945079,Closed - Paid,21/07/2024 22:03:05
LEGACY_MEDITECH,110958,Harbor Point Behavioral Health,MT1001639,Elizabeth,Olson,14/01/1993,Female,61075,(815) 555-0138,9 Nov 2024,9 Nov 2024,Video Visit,1538453550,"Martinez, Carlos",F32.9,increased agitation and racing thoughts,BCBS,30467,Rejected,24/11/2024 13:39:19
LEGACY_MEDITECH,114986,Riverbend Community Hospital,MT1003705,MICHAEL,GARCIA,01/03/1955,Male,52088,(563) 555-0108,11/06/2024,11-06-2024,ER,1764529123,"Jackson, Thomas",N39.0,confusion and high fever,Medicare,"171,531",PAID,01/07/2024 04:33:48
LEGACY_MEDITECH,103556,Harborpoint Behavioral Health,MT1002508,Hannah,Kowalski,05/08/1979,Female,54384,(608) 555-0169,06/06/2024,27/06/2024,Inpatient,1432627051,"Nguyen, Katherine",F31.9,"medication review, feeling stable",CIGNA HEALTH,1469892,Denied,10/07/2024 21:00:45
LEGACY_MEDITECH,121819,Harbor Point Behavioral Health,MT1001772,Lisa,Martinez,19-08-1965,Female,61094,(815) 555-0197,2023-10-30,2023-10-30,Out Patient,1906688282,"Hansen, Ethan",f41.1,anxiety and panic episodes,Tricare,62197,Paid,07/11/2023 05:42:24
LEGACY_MEDITECH,121824,Harbor Point Behavioral Health,MT1003584,SOFIA,WILSON,18/06/1980,Female,61125,(815) 555-0144,10/06/2023,,OP,1432627051,"Nguyen, Katherine",F33.1,low mood and poor sleep,UHC, 55518,Paid,13/06/2023 20:37:19
LEGACY_MEDITECH,133412,Harbor Point Behavioral Health,MT1002325,Aaron,Kowalski,12-10-1961,Male,61059,(815) 555-0155,16/12/2023,16 Dec 2023,Office Visit,1538453550,"Martinez, Carlos",F41.1,"medication review, feeling stable",BadgerCare Plus,226215,Paid,08/01/2024 12:16:41
LEGACY_MEDITECH,124055,Harborpoint Behavioral Health,MT1002197,Carlos,Williams,09/11/1953,Male,61169,(815) 555-0135,2023-09-13,26/09/2023,INPT,1432627051,Dr. Katherine Nguyen,F329,low mood and poor sleep,Medicare,1482138,Denied,14/10/2023 11:42:30
LEGACY_MEDITECH,134685,Riverbend Community Hospital,MT1000624,Daniel,Davis,1963-04-02,Male,52037,(563) 555-0162,04/08/2024,04-08-2024,Emergency,1228088641,"Patel, Jessica",R109,severe headache,BadgerCare Plus,75422,Closed - Paid,11/08/2024 10:23:53
LEGACY_MEDITECH,105394,Harbor Point Behavioral Health,MT1000466,SARAH,SCHMIDT,17/05/1976,Female,61193,(815) 555-0197,17/11/2023,21/11/2023,inpatient admission,1538453550,"Martinez, Carlos",F33.1,increased agitation and racing thoughts,CIGNA HEALTH,"1,638,288",Paid,01/12/2023 16:32:52
LEGACY_MEDITECH,105234,Riverbend CH,MT1003666,Sarah,Williams,26/01/1970,Female,52069,(563) 555-0125,18/07/2024,20-07-2024,Obs Stay,1406925663,Dr. Rebecca Mueller,I48.91,crushing chest pain spreading to left arm,CIGNA HEALTH,802484,Closed - Paid,27/07/2024 07:34:04
LEGACY_MEDITECH,110363,Riverbend Community Hospital,MT1002916,Chloe,Schultz,20-12-1999,Female,52440,(563) 555-0148,30/07/2024,2024-08-06,Inpatient,1585003704,"Schmidt, Luis",A41.9,sore throat and fever,IA Medicaid,971878,Denied,09/08/2024 01:45:26
LEGACY_MEDITECH,101954,Harborpoint Behavioral Health,MT1000140,William,Lee,31/12/1966,Male,61000,(815) 555-0127,15-02-2024,15/02/2024,Office Visit,1458421082,"Lopez, Olivia",F33.1,anxiety and panic episodes,Aetna,163168,PAID,04/03/2024 14:23:22
LEGACY_MEDITECH,107263,Riverbend Community Hosp.,MT1003008,Susan S,Mueller,17-03-1977,Female,52006,(319) 555-0130,12/03/2024,20/03/2024,INPT,1129110288,Dr. Susan Jensen,I50.22,"unable to lie flat at night, ankle edema",UnitedHealthcare,3386568,Paid in Full,08/04/2024 09:54:03
LEGACY_MEDITECH,123063,Riverbend Community Hospital,MT1003131,ETHAN,KING,17-02-1961,Male,53113,(608) 555-0178,09/04/2024,16/04/2024,IN-PATIENT,1406925663,"Mueller, Rebecca",I50.22,shortness of breath and leg swelling for several days,Aetna,2348892,PAID,03/05/2024 08:11:30
LEGACY_MEDITECH,134487,Harborpoint Behavioral Health,MT1000061,Margaret,Miller,10/05/2005,Female,61051,(815) 555-0131,23-07-2023,23/07/2023,TELEMED,1906688282,"Hansen, Ethan",F331,"medication review, feeling stable",Cigna,"24,996",Rejected,10/08/2023 14:41:30
LEGACY_MEDITECH,127586,HARBOR PT BEHAVIORAL HLTH,MT1001865,James,Smith,1965-01-01,Male,61184,(815) 555-0151,13-04-2024,,Out Patient,1458421082,"Lopez, Olivia",F41.1,anxiety and panic episodes,Aetna,74433,Paid in Full,15/04/2024 19:45:48
LEGACY_MEDITECH,112870,Harborpoint Behavioral Health,MT1000800,Chloe,Jones,20-05-1965,Female,53786,(414) 555-0192,8 Nov 2023,08/11/2023,OP,1432627051,Dr. Katherine Nguyen,F43.10,increased agitation and racing thoughts,CIGNA HEALTH,12730,Paid in Full,01/12/2023 16:06:50
LEGACY_MEDITECH,123101,Harbor Point Behavioral Health,MT1002726,Ana D,Williams,30-06-1946,Female,61070,(815) 555-0126,2024-03-12,2024-03-20,Inpatient,1432627051,"Nguyen, Katherine",F319,"medication review, feeling stable",Medicare - Part B,3486280,Paid in Full,29/03/2024 09:44:29
LEGACY_MEDITECH,104538,Harbor Point Behavioral Health,MT1000116,Priya,Harris,27/02/1982,Female,61031,(815) 555-0165,13/03/2023,2023-03-20,IN-PATIENT,1458421082,Dr. Olivia Lopez,F32.9,low mood and poor sleep,Cigna,2161450,Paid in Full,08/04/2023 20:15:42
LEGACY_MEDITECH,101272,Harbor Point Behavioral Health,MT1001731,Sarah,Brown,27-12-1994,Female,61028,(815) 555-0182,02-03-2024,02/03/2024,OP,1906688282,Dr. Ethan Hansen,F33.1,"medication review, feeling stable",AETNA INC, 27766,Closed - Paid,24/03/2024 18:44:40
LEGACY_MEDITECH,122712,HARBOR PT BEHAVIORAL HLTH,MT1000969,Anthony,Smith,23-09-1975,Male,61041,(815) 555-0156,19/11/2024,27/11/2024,INPT,1432627051,Dr. Katherine Nguyen,"F31.9 - Bipolar disorder, unspecified",anxiety and panic episodes,Medicaid,860888,In Process,18/12/2024 23:44:03
LEGACY_MEDITECH,112643,Riverbend Community Hospital,MT1002879,SAMUEL,MILLER,23/04/1964,Male,54153,(262) 555-0162,2024-05-15,16/05/2024,Emergency Room,1764529123,"Jackson, Thomas","S06.0X0A - Concussion without loss of consciousness, initial encounter",twisted ankle playing basketball,BadgerCare Plus,1073669,Paid in Full,17/05/2024 14:59:39
LEGACY_MEDITECH,123618,Riverbend Community Hosp.,MT1003075,Mary,Hall,22-05-1971,Female,52454,(563) 555-0152,2024-11-18,18 Nov 2024,ER,1930733682,"Van Dyke, Linda", N39.0 ,burning on urination,UnitedHealthcare,80301,PAID,01/12/2024 12:03:47
LEGACY_MEDITECH,115277,Riverbend Community Hosp.,MT1001423,Joseph,Schultz,21/05/2000,Male,52087,(563) 555-0147,21 Sep 2024,23/09/2024,OBS,1406925663,"Mueller, Rebecca",R10.9,fever for two days,BCBS,"647,583",Paid,30/09/2024 20:26:59
LEGACY_MEDITECH,131324,Harbor Point Behavioral Health,MT1002508,Hannah,Kowalski,05/08/1979,Female,54384,(608) 555-0169,2023-12-24,30 Dec 2023,IN-PATIENT,1458421082,"Lopez, Olivia",F31.9,increased agitation and racing thoughts,Blue Cross Blue Shield,3901422,PAID,31/12/2023 03:34:09
LEGACY_MEDITECH,133691,Riverbend Community Hosp.,MT1000380,Priya,Thompson,19-10-1979,Female,52036,(563) 555-0100,27-08-2024,3 Sep 2024,INPT,1585003704,"Schmidt, Luis",E11.65,fatigue and excessive thirst,Medicaid,1455501.0,Paid in Full,16/09/2024 10:59:30
LEGACY_MEDITECH,124370,Harbor Point Behavioral Health,MT1000559,Thomas,Smith,31/03/1967,Male,61075,(815) 555-0188,28 Jun 2023,28/06/2023,,1458421082,"Lopez, Olivia",F33.1,"medication review, feeling stable",Uninsured,23491,PAID,02/07/2023 23:23:04
LEGACY_MEDITECH,138625,Harbor Point Behavioral Health,MT1001407,Tyler,Schultz,,Male,61111,(815) 555-0196,03-01-2024,,Outpatient,1432627051,"Nguyen, Katherine",F41.1,"medication review, feeling stable",Medicare,29382,PAID,12/01/2024 22:30:58
LEGACY_MEDITECH,108866,Harbor Point BH,MT1001187,Omar,Rodriguez,20 Nov 1950,Male,61019,(815) 555-0150,12-02-2024,12/02/2024,Office Visit,1906688282,"Hansen, Ethan",F43.10,"medication review, feeling stable",MEDICARE PART A,60370,PAID,29/02/2024 05:12:58
LEGACY_MEDITECH,128581,Harbor Point Behavioral Health,MT1002508,Hannah,Kowalski,05/08/1979,Female,54384,(608) 555-0169,25-03-2024,2024-03-25,Outpatient,1906688282,"Hansen, Ethan",F41.1,increased agitation and racing thoughts,Aetna,186318.0,Paid,27/03/2024 05:29:20
LEGACY_MEDITECH,124811,HARBOR PT BEHAVIORAL HLTH,MT1000159,Noah,Peterson,13-11-1995,Male,61017,(815) 555-0119,16/10/2024,16/10/2024,Clinic Visit,1906688282,"Hansen, Ethan",f43.10,low mood and poor sleep,UHC,,Closed - Paid,25/10/2024 00:00:41
LEGACY_MEDITECH,134267,Harbor Point Behavioral Health,MT1003364,Priya,Mueller,03/05/1959,Female,61055,(815) 555-0106,4 Nov 2024,22/11/2024,Inpatient,1458421082,Dr. Olivia Lopez,F43.10,anxiety and panic episodes,Medicare - Part B, 813089,Pending,10/12/2024 06:33:04
LEGACY_MEDITECH,127154,Harborpoint Behavioral Health,MT1002197,Carlos,Williams,09-11-1953,Male,61169,(815) 555-0135,19/09/2024,19-09-2024,TELEMED,1538453550,"Martinez, Carlos",F41.1 - Generalized anxiety disorder,low mood and poor sleep,Medicare - Part B,"27,743",Paid,26/09/2024 14:45:08
LEGACY_MEDITECH,119357,Riverbend Community Hospital,MT1001579,Sarah,SCHMIDT,25 May 1964,Female,53706,(414) 555-0118,30-05-2024,2 Jun 2024,inpatient admission,1406925663,"Mueller, Rebecca",I10,headache with elevated blood pressure,UHC,"1,784,617",Paid,02/06/2024 23:17:41
LEGACY_MEDITECH,139659,Harbor Point Behavioral Health,MT1000542,Lisa,Lee,30/09/1930,Female,61002,(815) 555-0144,2023-03-16,03/04/2023,IN-PATIENT,1538453550,"Martinez, Carlos",F43.10,"medication review, feeling stable",MCR, 3354594,Paid,10/04/2023 02:38:58
LEGACY_MEDITECH,126936,Harbor Point BH,MT1003417,Maria,Garcia-Lopez,27/07/1955,Female,61180,(815) 555-0149,2024-11-03,22-11-2024,IN-PATIENT,1906688282,"Hansen, Ethan",F43.10,increased agitation and racing thoughts,Medicare - Part B, 3154973,Submitted,14/12/2024 16:08:23
LEGACY_MEDITECH,138938,Harbor Point Behavioral Health,MT1003329,Ashley,Becker,18/01/1977,Female,61123,(815) 555-0139,10/05/2024,10/05/2024,Outpatient,1906688282,"Hansen, Ethan",F32.9,low mood and poor sleep,MEDICARE PART A,41746,Rejected,26/05/2024 06:05:16
LEGACY_MEDITECH,136241,Riverbend Community Hospital,MT1001214,Steven,Novak,1975-08-08,Male,52066,(319) 555-0179,15-07-2024,15 Jul 2024,Emergency,1930733682,"Van Dyke, Linda",N186,dialysis follow-up,Blue Cross Blue Shield,635720.0,PAID,07/08/2024 04:01:04
LEGACY_MEDITECH,108699,Harborpoint Behavioral Health,MT1000116,Priya,Harris,27 Feb 1982,Female,61031,(815) 555-0165,10/06/2024,10-06-2024,Out Patient,1906688282,"Hansen, Ethan",F33.1,low mood and poor sleep,Blue Cross Blue Shield,"79,768",Paid in Full,26/06/2024 03:33:14
LEGACY_MEDITECH,130282,Riverbend Community Hospital,MT1002669,Elizabeth,O'Brien,26 Oct 1974,Female,52087,(319) 555-0181,06/08/2024,07/08/2024,Observation,1585003704,"Schmidt, Luis", R10.9 ,fever for two days,Cigna,389875,Closed - Paid,30/08/2024 00:28:04
LEGACY_MEDITECH,113284,Harborpoint Behavioral Health,MT1000291,Mary,Davis,07-02-1992,Female,61015,(815) 555-0168,20-06-2024,1 Jul 2024,INPT,1458421082,Dr. Olivia Lopez,F329,anxiety and panic episodes,Blue Cross Blue Shield,1115970,Paid,17/07/2024 03:33:24
LEGACY_MEDITECH,122909,Riverbend CH,MT1001616,Minh,Clark,12-03-1961,Male,52049,(319) 555-0161,05/11/2024,05-11-2024,Emergency,1228088641,"Patel, Jessica", J18.9 ,sore throat and fever,Cigna,364059.0,Paid in Full,16/11/2024 22:40:01
LEGACY_MEDITECH,113586,Riverbend Community Hospital,MT1000055,Aaron,Olson,09/09/1968,Male,52093,(319) 555-0191,29-10-2024,,Outpatient,1585003704,"Schmidt, Luis",Z00.00,annual physical,Blue Cross Blue Shield,91497,Paid in Full,04/11/2024 12:25:14
LEGACY_MEDITECH,129612,HARBOR PT BEHAVIORAL HLTH,MT1001975,David,Mueller,20/06/1971,Male,61154,(815) 555-0121,2024-08-27,27/08/2024,Out Patient,1538453550,Dr. Carlos Martinez,F43.10,low mood and poor sleep,Blue Cross Blue Shield,167636,Void,03/09/2024 04:52:04
LEGACY_MEDITECH,106507,Harbor Point Behavioral Health,MT1001865,James,Smith,01/01/1965,Male,61184,(815) 555-0151,2023-06-01,,Office Visit,1458421082,Dr. Olivia Lopez, F43.10 ,"medication review, feeling stable",BCBS,34402,Closed - Paid,09/06/2023 00:30:41
LEGACY_MEDITECH,109640,Harbor Point BH,MT1000807,Robert,Johnson,1988-02-11,Male,61092,(815) 555-0167,10/09/2023,,Virtual,1432627051,"Nguyen, Katherine",F33.1,low mood and poor sleep,self-pay,13887,PAID,23/09/2023 17:24:52
LEGACY_MEDITECH,131797,Harbor Point Behavioral Health,MT1002976,James,Davis,28/03/2006,Male,53242,(608) 555-0194,19/04/2023,2023-04-25,IN-PATIENT,1906688282,Dr. Ethan Hansen,f33.1,increased agitation and racing thoughts,MCR,3983785,PAID,05/05/2023 08:28:14
LEGACY_MEDITECH,129338,Harbor Point Behavioral Health,MT1001975,David,Mueller,20 Jun 1971,Male,61154,(815) 555-0121,17-01-2024,,Office Visit,1432627051,"Nguyen, Katherine",F41.1,low mood and poor sleep,CIGNA HEALTH,27667,PAID,27/01/2024 15:43:25
LEGACY_MEDITECH,130091,Harbor Point Behavioral Health,MT1000347,Jennifer,Rodriguez,1971-08-05,Female,61019,(815) 555-0107,30/04/2023,,OP,1906688282,"Hansen, Ethan",f32.9,"medication review, feeling stable",UHC,"27,763",Closed - Paid,14/05/2023 15:47:23
LEGACY_MEDITECH,113634,Harbor Point Behavioral Health,MT1001772,Lisa,Martinez,19/08/1965,Female,61094,(815) 555-0197,2023-11-12,20/11/2023,Inpatient,1432627051,"Nguyen, Katherine",F32.9,increased agitation and racing thoughts,TRICARE,"1,715,138",Paid,13/12/2023 00:16:04
LEGACY_MEDITECH,116577,Harbor Point BH,MT1000793,MEI,KING,01/01/1986,Female,52464,(319) 555-0169,26-03-2024,,Video Visit,1906688282,"Hansen, Ethan",F41.1,increased agitation and racing thoughts,AETNA INC,12261,Paid,28/03/2024 20:03:19
LEGACY_MEDITECH,123206,Harbor Point BH,MT1000423,Ethan,Garcia-Lopez,27/08/1970,Male,61183,(815) 555-0170,2024-06-08,08/06/2024,Out Patient,1906688282,Dr. Ethan Hansen,F43.10,anxiety and panic episodes,IA Medicaid,"12,156",PAID,17/06/2024 19:39:10
LEGACY_MEDITECH,116056,Riverbend Community Hospital,MT1001993,Brian,Harris,21/01/1970,Male,52018,(319) 555-0108,17-11-2024,28 Nov 2024,inpatient admission,1585003704,Dr. Luis Schmidt,I50.9,shortness of breath and leg swelling for several days,CIGNA HEALTH,3300849,SUBMITTED,09/12/2024 14:52:53
LEGACY_MEDITECH,101926,Riverbend Community Hospital,MT1000890,Thomas,Wright,21/06/1974,Male,52465,(563) 555-0176,5 Nov 2024,6 Nov 2024,Emergency Room,1930733682,Dr. Linda Van Dyke,s93.401a,"fell on outstretched hand, wrist pain",Blue Cross Blue Shield,"116,819",PAID,19/11/2024 11:20:01
LEGACY_MEDITECH,110903,Harbor Point Behavioral Health,MT1000676,Kevin,Becker,13/09/1966,Male,61157,(815) 555-0104,10/11/2024,10/11/2024,Office Visit,1432627051,"Nguyen, Katherine",F32.9,low mood and poor sleep,Aetna,47945,Paid in Full,02/12/2024 20:13:24
LEGACY_MEDITECH,112228,Harbor Point Behavioral Health,MT1000793,MEI,KING,1986-01-01,Female,52464,(319) 555-0169,09/10/2023,,OP,1432627051,"Nguyen, Katherine",F43.10,increased agitation and racing thoughts,Blue Cross Blue Shield,181987,PAID,16/10/2023 17:47:37
LEGACY_MEDITECH,129044,Harbor Point Behavioral Health,MT1000466,SARAH,SCHMIDT,17 May 1976,Female,61193,(815) 555-0197,28 Dec 2023,,OP,1538453550,"Martinez, Carlos", F32.9 ,low mood and poor sleep,UHC,87189.0,Paid,03/01/2024 05:10:45
LEGACY_MEDITECH,125169,Harbor Point Behavioral Health,MT1001697,Rebecca,White,27-09-1948,Female,61069,(815) 555-0137,29-07-2024,2024-08-16,IP,1432627051,Dr. Katherine Nguyen,F43.10,"medication review, feeling stable",Medicare - Part B,3024910,Closed - Paid,22/08/2024 08:25:22
LEGACY_MEDITECH,130271,Harbor Point Behavioral Health,MT1001030,Samuel,Olson,19 Jul 1972,Male,54353,(262) 555-0110,00/00/0000,05/10/2023,Out Patient,1538453550,Dr. Carlos Martinez,F41.1,low mood and poor sleep,IA Medicaid,135286,PAID,25/10/2023 15:05:29
LEGACY_MEDITECH,122965,Riverbend Community Hospital,MT1002808,Anthony,Novak,26/05/1989,Male,52415,(563) 555-0159,13 Oct 2024,14/10/2024,EMERGENCY DEPT,1764529123,"Jackson, Thomas",N39.0,sore throat and fever,BCBS,180028,PAID,23/10/2024 13:46:33
LEGACY_MEDITECH,138126,Riverbend Community Hospital,MT1002862,Susan,Larson,21-08-1944,Female,52009,(319) 555-0127,09/06/2024,09/06/2024,Emergency,1764529123,"Jackson, Thomas", R10.9 ,chest pain,MEDICARE PART A,184141,PAID,20/06/2024 23:57:29
LEGACY_MEDITECH,115549,Harbor Point BH,MT1002099,Sarah,Lee,06/06/1995,Female,53206,(608) 555-0192,23/07/2024,11-08-2024,Inpatient,1432627051,Dr. Katherine Nguyen,F33.1,increased agitation and racing thoughts,Cigna,"1,683,845",Paid in Full,22/08/2024 03:27:58
LEGACY_MEDITECH,116232,HARBOR PT BEHAVIORAL HLTH,MT1000194,Olivia,Van Dyke,27/05/1999,Female,61155,(815) 555-0187,2023-03-11,21/03/2023,IN-PATIENT,1432627051,"Nguyen, Katherine",F43.10,anxiety and panic episodes,CIGNA HEALTH,716205,PAID,04/04/2023 09:17:58
LEGACY_MEDITECH,128496,Harbor Point Behavioral Health,MT1001955,JOSHUA,JONES,22/05/1969,Male,53118,(262) 555-0112,16/09/2024,,Outpatient,1458421082,"Lopez, Olivia",F32.9,"medication review, feeling stable",UnitedHealthcare,"209,512",Closed - Paid,27/09/2024 03:20:24
LEGACY_MEDITECH,120367,HARBOR PT BEHAVIORAL HLTH,MT1001731,Sarah,Brown,27-12-1994,Female,61028,(815) 555-0182,28/04/2024,,Out Patient,1432627051,"Nguyen, Katherine", F32.9 ,low mood and poor sleep,Blue Cross Blue Shield,80867,CANCELLED,12/05/2024 13:46:43
LEGACY_MEDITECH,110863,Riverbend Community Hospital,MT1003779,Ethan,Thomas,07-01-1950,Male,52034,(319) 555-0100,2024-04-27,28-04-2024,ER,1764529123,Dr. Thomas Jackson,S93401A,"fell on outstretched hand, wrist pain",Medicare,"360,891",PAID,04/05/2024 06:13:44
LEGACY_MEDITECH,132236,Harbor Point Behavioral Health,MT1002699,Robert,Becker,07/03/1973,Male,61018,(815) 555-0126,31/01/2023,,Clinic Visit,1432627051,"Nguyen, Katherine",F32.9,increased agitation and racing thoughts,Medicaid,116165,Paid in Full,21/02/2023 15:58:58
LEGACY_MEDITECH,120010,Riverbend Community Hosp.,MT1001662,Emily,Davis,27-03-1954,Female,52457,(563) 555-0144,2024-10-19,27/10/2024,Inpatient,1585003704,"Schmidt, Luis",E11.65,numbness in both feet,MCR,2928861,Void,07/11/2024 18:42:04
LEGACY_MEDITECH,127751,RIVERBEND COMM HOSP,MT1003565,Rebecca,Patel,26/08/1971,Female,52430,(319) 555-0191,24/07/2024,24/07/2024,Observation,1585003704,"Schmidt, Luis",I48.91,crushing chest pain spreading to left arm,Uninsured,631689.0,PAID,02/08/2024 14:59:02
LEGACY_MEDITECH,119916,Harbor Point Behavioral Health,MT1002197,Carlos,Williams,1953-11-09,Male,61169,(815) 555-0135,12 Oct 2023,12-10-2023,Telehealth,1538453550,Dr. Carlos Martinez,F41.1,low mood and poor sleep,MCR,14191,Paid,27/10/2023 03:15:48
LEGACY_MEDITECH,116438,Harbor Point Behavioral Health,MT1003364,Priya,Mueller,1959-05-03,Female,61055,(815) 555-0106,09-08-2024,,Out Patient,1352866754,LOCUM PROVIDER,"F43.10 - Post-traumatic stress disorder, unspecified",increased agitation and racing thoughts,Medicare - Part B,48656,Paid,14/08/2024 20:45:21
LEGACY_MEDITECH,137691,Riverbend Community Hosp.,MT1002064,Aaron,Johnson,23/09/1967,Male,52468,(319) 555-0107,12/04/2024,19/04/2024,inpatient admission,1585003704,"Schmidt, Luis","A41.9 - Sepsis, unspecified organism",cold symptoms for a week,AETNA INC,"2,684,422",PAID,30/04/2024 20:00:50
LEGACY_MEDITECH,132586,Riverbend CH,MT1002715,Robert,Novak,07/07/1930,Male,52079,(319) 555-0149,16/07/2024,16/07/2024,OBS,1406925663,"Mueller, Rebecca",I48.91,palpitations and dizziness,Medicare,432888,Paid in Full,07/08/2024 19:29:08
LEGACY_MEDITECH,139496,Riverbend Community Hospital,MT1001883,LINDA,SMITH,08-02-1961,Female,53780,(920) 555-0196,23/10/2024,23/10/2024,ER,1228088641,"Patel, Jessica",I10,hypertension follow-up,IA Medicaid,434721,Paid,11/11/2024 11:41:57
LEGACY_MEDITECH,111033,Harbor Point BH,MT1002830,Daniel,Hall,18-04-1995,Male,61059,(815) 555-0194,13/45/2024,,Virtual,1458421082,Dr. Olivia Lopez,F41.1,increased agitation and racing thoughts,State Medicaid Plan,11459,Rejected,26/10/2024 14:41:55
LEGACY_MEDITECH,116005,Riverbend CH,MT1002318,Rajesh,Van Dyke,10 Aug 1982,Male,52059,(563) 555-0121,15 Sep 2024,2024-09-17,Observation,1585003704,Dr. Luis Schmidt,E1165,confusion with very high glucose,UHC,317007,PAID,17/09/2024 19:02:22
LEGACY_MEDITECH,113148,Harbor Point Behavioral Health,MT1000807,Robert,Johnson,11 Feb 1988,Male,61092,(815) 555-0167,17/10/2023,05/11/2023,IN-PATIENT,1458421082,Dr. Olivia Lopez,F4310,anxiety and panic episodes,SELFPAY,"1,114,217",Paid,21/11/2023 21:11:31
LEGACY_MEDITECH,103034,Riverbend Community Hospital,MT1003286,Linda,Novak,31/05/1977,Female,53150,(414) 555-0132,05/07/2024,08-07-2024,IP,1585003704,"Schmidt, Luis",E11.65,fatigue and excessive thirst,Medicaid,"8,166,117",PAID,10/07/2024 04:37:20
LEGACY_MEDITECH,117369,Harbor Point Behavioral Health,MT1002508,Hannah,Kowalski,05-08-1979,Female,54384,(608) 555-0169,03/01/2024,19/01/2024,Inpatient,1352866754,"Locum, Tenens",F31.9,low mood and poor sleep,Aetna,1352109,Paid,27/01/2024 17:31:14
LEGACY_MEDITECH,139234,Riverbend Community Hospital,MT1002483,Sarah,Harris,8 Mar 1987,Female,52427,(563) 555-0130,07-06-2024,07/06/2024,Outpatient,1585003704,"Schmidt, Luis",R10.9,fever for two days,MEDICARE PART A,"89,487",PAID,14/06/2024 22:38:45
LEGACY_MEDITECH,104050,Riverbend Community Hospital,MT1003286,Linda,Novak,31/05/1977,Female,53150,(414) 555-0132,2024-05-26,04/06/2024,INPT,1406925663,Dr. Rebecca Mueller,I10,blood pressure check,BadgerCare Plus,"2,808,496",Paid,26/06/2024 18:02:32
LEGACY_MEDITECH,123584,Riverbend Community Hospital,MT1000792,Thomas,Nguyen,26-02-1941,Male,52446,(563) 555-0104,01/05/2024,2 May 2024,EMERGENCY DEPT,1764529123,Dr. Thomas Jackson,I10,headache with elevated blood pressure,BCBS,773533,Paid,14/05/2024 07:16:15
LEGACY_MEDITECH,138991,Riverbend CH,MT1003075,Mary,Hall,22/05/1971,Female,52454,(563) 555-0152,03/03/2024,2024-03-03,Clinic Visit,1585003704,"Schmidt, Luis",I48.91,palpitations and dizziness,CIGNA HEALTH,40276,PAID,14/03/2024 00:51:09
LEGACY_MEDITECH,130562,Harbor Point Behavioral Health,MT1000116,Priya,Harris,27-02-1982,Female,61031,(815) 555-0165,02/08/2023,,TELEMED,1458421082,Dr. Olivia Lopez,F33.1,anxiety and panic episodes,AETNA INC,33583,Denied,18/08/2023 09:54:59
LEGACY_MEDITECH,131873,Riverbend CH,MT1002432,Fatima,Anderson,29/03/1948,Female,52028,(563) 555-0139,2024-11-30,6 Dec 2024,inpatient admission,1585003704,"Schmidt, Luis",N18.6,kidney function review,Medicare,"2,836,215",Pending,07/12/2024 10:57:22
LEGACY_MEDITECH,124987,Riverbend Community Hospital,MT1000624,Daniel,Davis,1963-04-02,Male,52037,(563) 555-0162,30-05-2024,10-06-2024,IN-PATIENT,1129110288,Dr. Susan Jensen,I50.22 - Chronic systolic (congestive) heart failure,"unable to lie flat at night, ankle edema",State Medicaid Plan,1912656,Paid,05/07/2024 01:50:40
LEGACY_MEDITECH,102230,Harbor Point Behavioral Health,MT1000061,Margaret,Miller,2005-05-10,Female,61051,(815) 555-0131,11/07/2023,11/07/2023,Clinic Visit,1906688282,"Hansen, Ethan",F43.10,anxiety and panic episodes,Aetna,12..50,Paid,30/07/2023 04:07:26
LEGACY_MEDITECH,108643,Harbor Point Behavioral Health,MT1000194,Olivia,Van Dyke,1999-05-27,Female,61155,(815) 555-0187,5 Sep 2023,,Office Visit,1458421082,"Lopez, Olivia",F32.9,low mood and poor sleep,Aetna,29105,Closed - Paid,22/09/2023 00:46:43
LEGACY_MEDITECH,129407,HARBOR PT BEHAVIORAL HLTH,MT1001731,Sarah,Brown,27/12/1994,Female,61028,(815) 555-0182,2023-12-30,,Office Visit,1432627051,Dr. Katherine Nguyen,F4310,"medication review, feeling stable",AETNA INC,17031,Closed - Paid,02/01/2024 20:56:13
LEGACY_MEDITECH,103456,Riverbend Community Hospital,MT1000624,Daniel,Davis,02/04/1963,Male,52037,(563) 555-0162,2024-08-01,06/08/2024,INPT,1585003704,Dr. Luis Schmidt,I50.9,shortness of breath and leg swelling for several days,Medicaid,1725637,Paid,13/08/2024 16:44:06
LEGACY_MEDITECH,124198,Riverbend Community Hospital,MT1000108,Emily,Thompson,21/02/1940,Female,52013,(563) 555-0126,11/04/2024,13/04/2024,OBS,1585003704,"Schmidt, Luis",I50.22,"unable to lie flat at night, ankle edema",MEDICARE PART A,576267,Closed - Paid,17/04/2024 00:33:25
LEGACY_MEDITECH,120213,Riverbend Community Hospital,MT1001928,Samuel,Jackson,09/04/1982,Male,52426,(563) 555-0179,03/09/2024,03/09/2024,ER,1764529123,"Jackson, Thomas",J44.1,increased cough and wheezing,Aetna,341260,Paid,06/09/2024 09:34:51
LEGACY_MEDITECH,110785,Harbor Point Behavioral Health,MT1001144,Barbara,Rodriguez,26/10/1961,Female,61057,(815) 555-0126,1 Aug 2024,01-08-2024,Office Visit,1432627051,Dr. Katherine Nguyen,F43.10,increased agitation and racing thoughts,CIGNA HEALTH,12621,Paid,14/08/2024 05:23:37
LEGACY_MEDITECH,127042,Harbor Point Behavioral Health,MT1002882,James,Wagner,29/07/1951,Male,61110,(815) 555-0181,23 May 2024,04/06/2024,inpatient admission,1432627051,"Nguyen, Katherine","F43.10 - Post-traumatic stress disorder, unspecified","medication review, feeling stable",Medicare,PENDING,PAID,24/06/2024 01:30:38
LEGACY_MEDITECH,122640,RIVERBEND COMM HOSP,MT1001753,Matthew,Becker,18/06/1953,Male,52474,(563) 555-0124,2024-10-26,28/10/2024,INPT,1406925663,Dr. Rebecca Mueller, N18.6 ,swelling and reduced urine output,Medicare,1448732,Paid,15/11/2024 22:32:12
LEGACY_MEDITECH,121359,Riverbend Community Hosp.,MT1001091,Katherine,Clark,22/05/1976,Female,53162,(920) 555-0107,18 May 2024,18 May 2024,ED,1764529123,"Jackson, Thomas",J44.1,increased cough and wheezing,AETNA INC,"94,119",Paid in Full,05/06/2024 12:46:25
LEGACY_MEDITECH,102474,Riverbend Community Hospital,MT1000327,Jacob,Clark,1964-08-11,Male,52402,(319) 555-0173,04/08/2024,13/08/2024,INPT,1406925663,Dr. Rebecca Mueller,E11.65,diabetic follow-up and medication refill,UnitedHealthcare,1054409,Void,20/08/2024 18:15:06
LEGACY_MEDITECH,129664,Harbor Point Behavioral Health,MT1000140,William,Lee,1966-12-31,Male,61000,(815) 555-0127,04/12/2023,,Video Visit,1432627051,"Nguyen, Katherine",F32.9,anxiety and panic episodes,CIGNA HEALTH,11499,PAID,26/12/2023 05:21:16
LEGACY_MEDITECH,123465,Harbor Point Behavioral Health,MT1003364,Priya,Mueller,03/05/1959,Female,61055,(815) 555-0106,24 Apr 2023,29/04/2023,inpatient admission,1538453550,"Martinez, Carlos",F43.10,"medication review, feeling stable",MCR,1619690,PAID,08/05/2023 02:42:32
LEGACY_MEDITECH,130524,Harbor Point Behavioral Health,MT1002208,Ashley,Lewis,16-07-1959,Female,61101,(815) 555-0163,24/09/2024,24/09/2024,Clinic Visit,1538453550,"Martinez, Carlos",F41.1,"medication review, feeling stable",MCR,29103,PAID,24/09/2024 21:19:00
LEGACY_MEDITECH,113019,Harbor Point Behavioral Health,MT1002694,Sandra,Hall,18-04-1939,Female,61184,(815) 555-0199,4 Apr 2024,,Office Visit,1538453550,Dr. Carlos Martinez,F32.9,"medication review, feeling stable",Medicare - Part B,"14,610",Paid in Full,26/04/2024 10:18:28
LEGACY_MEDITECH,117080,Harbor Point Behavioral Health,MT1001275,Tyler,Williams,18/08/1958,Male,61085,(815) 555-0131,13/06/2024,13/06/2024,Outpatient,1538453550,Dr. Carlos Martinez,ICD10,"medication review, feeling stable",Medicare - Part B,50334,Paid,21/06/2024 12:28:10
LEGACY_MEDITECH,122899,Riverbend Community Hosp.,MT1002862,Susan,Larson,1944-08-21,Female,52009,(319) 555-0127,10/05/2024,10 May 2024,EMERGENCY DEPT,1228088641,"Patel, Jessica",R10.9,severe headache,Medicare - Part B, 115887,PAID,02/06/2024 21:58:45
LEGACY_MEDITECH,119958,Riverbend Community Hospital,MT1002916,Chloe,Schultz,20/12/1999,Female,52440,(563) 555-0148,2024-03-22,30-03-2024,INPT,1129110288,Dr. Susan Jensen,i21.9,crushing chest pain spreading to left arm,State Medicaid Plan,"2,423,495",Closed - Paid,12/04/2024 22:00:02
LEGACY_MEDITECH,119706,HARBOR PT BEHAVIORAL HLTH,MT1001772,Lisa,Martinez,19-08-1965,Female,61094,(815) 555-0197,19/06/2023,,Outpatient,1432627051,"Nguyen, Katherine",F32.9,anxiety and panic episodes,Tricare, 248034,DENIED,21/06/2023 19:33:05
LEGACY_MEDITECH,126022,Riverbend Community Hospital,MT1000860,Minh,Martinez,21-01-1956,Male,52052,(563) 555-0111,16/03/2024,23-03-2024,Inpatient,1585003704,Dr. Luis Schmidt,a41.9,sore throat and fever,Medicare - Part B,1162462,Paid in Full,24/03/2024 19:00:18
LEGACY_MEDITECH,115441,HARBOR PT BEHAVIORAL HLTH,MT1000559,Thomas,Smith,31/03/1967,Male,61075,(815) 555-0188,02-01-2024,,Virtual,1906688282,Dr. Ethan Hansen, F41.1 ,anxiety and panic episodes,Uninsured,24182,Paid,11/01/2024 15:51:17
LEGACY_MEDITECH,126050,Riverbend Community Hospital,MT1002128,Joseph,Novak,25/05/1966,Male,52062,(319) 555-0106,11/04/2024,11/04/2024,EMERGENCY DEPT,1228088641,Dr. Jessica Patel,"R51.9 - Headache, unspecified",chest pain,UnitedHealthcare,165362,Closed - Paid,28/04/2024 18:24:21
LEGACY_MEDITECH,132695,Riverbend Community Hospital,MT1001835,Sofia,Jackson,1956-08-01,Female,52481,(563) 555-0129,2024-07-24,24 Jul 2024,OP,1585003704,"Schmidt, Luis",Z23,well child visit,MEDICAID,72889,Closed - Paid,11/08/2024 13:24:28
LEGACY_MEDITECH,122865,Riverbend Community Hospital,MT1001036,Andrew,Martinez,1951-02-14,Male,52449,(319) 555-0176,16/09/2024,,Out Patient,1585003704,"Schmidt, Luis",I5022,shortness of breath and leg swelling for several days,MEDICARE PART A,"32,591",Paid,10/10/2024 06:48:17
LEGACY_MEDITECH,117121,Riverbend Community Hospital,MT1001214,Steven,Novak,1975-08-08,Male,52066,(319) 555-0179,03-06-2024,10/06/2024,IN-PATIENT,1129110288,"Jensen, Susan",n18.6,swelling and reduced urine output,UHC, 1711895,Paid in Full,16/06/2024 22:47:39
LEGACY_MEDITECH,122613,Riverbend Community Hospital,MT1002432,Fatima,Anderson,29/03/1948,Female,52028,(563) 555-0139,29/08/2024,2024-09-01,IP,1585003704,"Schmidt, Luis",J18.9,fever and cough,MEDICARE PART A,5427410.0,Paid,10/09/2024 04:10:40
LEGACY_MEDITECH,105964,Harbor Point Behavioral Health,MT1000559,Thomas,Smith,1967-03-31,Male,61075,(815) 555-0188,2023-10-28,,Out Patient,1432627051,"Nguyen, Katherine",F4310,"medication review, feeling stable",SELFPAY,32667,Paid,01/11/2023 21:30:30
LEGACY_MEDITECH,139257,HARBOR PT BEHAVIORAL HLTH,MT1001187,Omar,Rodriguez,20/11/1950,Male,61019,(815) 555-0150,19 Oct 2023,,Telehealth,1432627051,"Nguyen, Katherine",F33.1,increased agitation and racing thoughts,MCR, 14327,PAID,31/10/2023 00:53:45
LEGACY_MEDITECH,118526,Harbor Point Behavioral Health,MT1000116,Priya,Harris,27 Feb 1982,Female,61031,(815) 555-0165,2023-12-22,2023-12-22,Out Patient,1538453550,Dr. Carlos Martinez,F331,"medication review, feeling stable",CIGNA HEALTH,"22,919",PAID,10/01/2024 06:08:32
LEGACY_MEDITECH,135841,Harbor Point Behavioral Health,MT1003364,Priya,Mueller,3 May 1959,Female,61055,(815) 555-0106,26 Mar 2024,26/03/2024,OP,1458421082,Dr. Olivia Lopez,F33.1,"medication review, feeling stable",MEDICARE PART A,"134,578",Closed - Paid,28/03/2024 16:13:08
LEGACY_MEDITECH,106512,Harborpoint Behavioral Health,MT1003028,Mary,Rodriguez,9 Sep 1959,Female,61146,(815) 555-0165,2024-01-29,29/01/2024,Out Patient,1906688282,Dr. Ethan Hansen,F33.1,increased agitation and racing thoughts,Blue Cross Blue Shield,"47,926",Rejected,04/02/2024 01:21:48
LEGACY_MEDITECH,131239,Riverbend Community Hospital,MT1000790,Steven,Novak,30/12/1956,Male,52036,(563) 555-0114,31 Mar 2024,11 Apr 2024,IP,1585003704,"Schmidt, Luis", A41.9 ,confusion and high fever,Medicare - Part B,3295403,Closed - Paid,22/04/2024 20:39:52
LEGACY_MEDITECH,137558,Harbor Point Behavioral Health,MT1002931,Michelle,O'Brien,11-07-2008,Female,53765,(414) 555-0123,9 Feb 2023,09/02/2023,Clinic Visit,1538453550,Dr. Carlos Martinez,F33.1,"medication review, feeling stable",Cigna,123989,Cancelled,05/03/2023 15:18:34
LEGACY_MEDITECH,118557,Harbor Point Behavioral Health,MT1000542,Lisa,Lee,1930-09-30,Female,61002,(815) 555-0144,07-04-2024,07/04/2024,Video Visit,1311592129,"Locum, Tenens",F33.1,"medication review, feeling stable",MCR,12561,Paid in Full,02/05/2024 02:38:05
LEGACY_MEDITECH,106784,Harbor Point Behavioral Health,MT1000800,Chloe,Jones,20/05/1965,Female,53786,(414) 555-0192,27/02/2024,17-03-2024,inpatient admission,1458421082,"Lopez, Olivia",F31.9,"medication review, feeling stable",Blue Cross Blue Shield,"1,530,374",Void,01/04/2024 00:17:32
LEGACY_MEDITECH,131962,Riverbend Community Hospital,MT1003697,Susan,Wagner,17/01/1985,Female,52493,(563) 555-0143,8 May 2024,2024-05-09,Obs Stay,1585003704,Dr. Luis Schmidt,R07.9,fever for two days,self-pay,"953,062",PAID,28/05/2024 08:30:33
LEGACY_MEDITECH,124821,Harbor Point Behavioral Health,MT1001385,BARBARA,MILLER,02/10/1975,Female,61046,(815) 555-0194,2023-03-05,09/03/2023,INPT,1538453550,Dr. Carlos Martinez,F4310,low mood and poor sleep,TRICARE,1483575,Paid in Full,01/04/2023 23:27:43
LEGACY_MEDITECH,102106,Harbor Point Behavioral Health,MT1001894,Anthony,Harris,19/09/1968,Male,61161,(815) 555-0162,11/06/2024,11/06/2024,Out Patient,1538453550,"Martinez, Carlos",F329,anxiety and panic episodes,Aetna,12434,Cancelled,22/06/2024 10:54:39
LEGACY_MEDITECH,117285,Riverbend Community Hospital,MT1002030,Thomas,Wilson,2 May 1967,Male,52454,(319) 555-0169,08/06/2024,09/06/2024,EMERGENCY DEPT,1228088641,Dr. Jessica Patel, N39.0 ,cold symptoms for a week,self-pay,108124,Paid,26/06/2024 08:11:40
LEGACY_MEDITECH,139569,Harbor Point Behavioral Health,MT1001494,Susan,White,16-03-1967,Female,61189,(815) 555-0156,11/07/2023,17/07/2023,inpatient admission,1432627051,Dr. Katherine Nguyen,F43.10,increased agitation and racing thoughts,BCBS,1168217,PAID,28/07/2023 03:22:08
LEGACY_MEDITECH,131962,Riverbend Community Hospital,MT1003697,Susan,Wagner,17/01/1985,Female,52493,(563) 555-0143,8 May 2024,2024-05-09,Obs Stay,1585003704,Dr. Luis Schmidt,R07.9,fever for two days,self-pay,"953,062",PAID,28/05/2024 08:30:33
LEGACY_MEDITECH,138077,Harborpoint Behavioral Health,MT1000542,Lisa,Lee,30-09-1930,Female,61002,(815) 555-0144,26/03/2024,,Outpatient,1538453550,"Martinez, Carlos",F33.1,low mood and poor sleep,Medicare,56988.0,Paid in Full,30/03/2024 04:04:39
LEGACY_MEDITECH,117071,Harbor Point Behavioral Health,MT1002508,Hannah,Kowalski,5 Aug 1979,Female,54384,(608) 555-0169,08/09/2023,23-09-2023,Inpatient,1432627051,"Nguyen, Katherine",F31.9,"medication review, feeling stable",CIGNA HEALTH,"894,082",Closed - Paid,10/10/2023 09:32:16
LEGACY_MEDITECH,116605,Riverbend Community Hospital,MT1000127,Daniel,Miller,08-12-1974,Male,52421,(563) 555-0118,20/10/2024,20/10/2024,Emergency Room,1930733682,Dr. Linda Van Dyke,N39.0,burning on urination,Medicaid, 355328,Paid,26/10/2024 04:28:47
LEGACY_MEDITECH,138394,Riverbend CH,MT1000792,Thomas,Nguyen,26-02-1941,Male,52446,(563) 555-0104,17 Apr 2024,18/04/2024,EMERGENCY DEPT,1228088641,Dr. Jessica Patel,I10,blood pressure check,UHC, 538883,Closed - Paid,09/05/2024 02:02:21
LEGACY_MEDITECH,124031,Harbor Point Behavioral Health,MT1001077,Karen,Van Dyke,30/09/1987,Female,61169,(815) 555-0189,10 Aug 2024,,Virtual,1458421082,"Lopez, Olivia",F33.1,low mood and poor sleep,IA Medicaid,11895.0,PAID,21/08/2024 23:20:03
LEGACY_MEDITECH,120575,Harbor Point BH,MT1003364,Priya,Mueller,03/05/1959,Female,61055,(815) 555-0106,17 May 2024,17-05-2024,Clinic Visit,1432627051,"Nguyen, Katherine",F411,"medication review, feeling stable",MCR,22350,Paid in Full,06/06/2024 19:38:43
LEGACY_MEDITECH,122559,HARBOR PT BEHAVIORAL HLTH,MT1000116,Priya,Harris,27/02/1982,Female,61031,(815) 555-0165,29/12/2023,,Out Patient,1906688282,"Hansen, Ethan",F32.9,anxiety and panic episodes,Aetna,60810,Paid,05/01/2024 23:26:14
LEGACY_MEDITECH,117327,Harbor Point Behavioral Health,MT1000944,Joseph,Wagner,28-06-1952,Male,61192,(815) 555-0162,09/05/2023,20-05-2023,IP,1432627051,Dr. Katherine Nguyen,F331,increased agitation and racing thoughts,Medicare,619464,Closed - Paid,08/06/2023 16:33:06
LEGACY_MEDITECH,126675,Harborpoint Behavioral Health,MT1003028,Mary,Rodriguez,09-09-1959,Female,61146,(815) 555-0165,10/08/2024,18-08-2024,IN-PATIENT,1538453550,"Martinez, Carlos",F32.9,anxiety and panic episodes,UnitedHealthcare,3078723,Denied,04/09/2024 16:05:07
LEGACY_MEDITECH,113931,Harbor Point Behavioral Health,MT1000944,Joseph,Wagner,1952-06-28,Male,61192,(815) 555-0162,27/04/2023,27/04/2023,Clinic Visit,1906688282,"Hansen, Ethan",F41.1,anxiety and panic episodes,Medicare - Part B, 55787,Paid in Full,19/05/2023 05:41:16
LEGACY_MEDITECH,125775,HARBOR PT BEHAVIORAL HLTH,MT1002197,Carlos,Williams,09-11-1953,Male,61169,(815) 555-0135,29 Aug 2023,16/09/2023,Inpatient,1906688282,Dr. Ethan Hansen,F43.10,anxiety and panic episodes,Medicare,2266753,Paid,05/10/2023 09:31:58
LEGACY_MEDITECH,103523,Riverbend Community Hospital,MT1003273,Linda,Garcia-Lopez,24/12/1929,Female,52484,(563) 555-0196,2024-07-01,,Clinic Visit,1585003704,"Schmidt, Luis",Z23,well child visit,MCR,24331,PAID,20/07/2024 02:10:40
LEGACY_MEDITECH,125013,Riverbend Community Hosp.,MT1000447,PAUL,MUELLER,1981-12-11,Male,54382,(414) 555-0182,17-09-2024,29 Sep 2024,inpatient admission,1585003704,"Schmidt, Luis",I10 - Essential (primary) hypertension,hypertension follow-up,UHC,1031115,PAID,18/10/2024 08:36:41
