source_system,source_record_id,facility_name,encounter_source,admit_date,discharge_date,encounter_type,patient_mrn,patient_last_name,patient_first_name,patient_dob,patient_sex,patient_zip,patient_phone,attending_provider_npi,attending_provider_name,primary_dx_code,chief_complaint,payer_name,total_charge,claim_status,last_updated_ts
ATHENA_CLINICS,123215,Eastgate Urgent Care,Scheduled,2025-01-15,"January 15, 2025",OP,AC1003198,Nelson,Elizabeth K,1945-12-20,F,53706,(414) 555-0102,1215711643,Dr. Brian Garcia-Lopez,Z00.00 - Encounter for general adult medical examination without abnormal findings,follow-up visit,Medicare,300.19,SUBMITTED,2025-01-26T01:00:00-06:00
ATHENA_CLINICS,122518,Cedar Vly Family Clinic,Scheduled,01-20-25,01/20/2025,Office Visit,AC1001559,Davis,James,"November 13, 1961",M,54321,(608) 555-0138,1188357952,Dr. Katherine Nguyen,Z0000,follow-up visit,self-pay,298.71 USD,Submitted,2025-01-26T06:00:00-06:00
ATHENA_CLINICS,102135,Cedar Valley Family Clinic,Transfer,"January 13, 2025",2025-01-13,Outpatient,AC1007041,Nguyen,Aaron,12/15/1970,M,52414,(319) 555-0163,1018051544,Dr. Richard Martinez,Z00.00,follow-up visit,State Medicaid Plan,$336.18  ,Pending,2025-01-24T18:00:00-06:00
ATHENA_CLINICS,124340,Cedar Valley Clinic,Scheduled,01/06/2025,01/06/2025,Out Patient,AC1000182,Taylor,William,"January 1, 1974",M,52476,(563) 555-0139,1018051544,"Martinez, Richard",Z00.00,follow-up visit,UnitedHealthcare,USD 589.18,In Process,2025-01-23T08:00:00-06:00
ATHENA_CLINICS,127407,Summit Ridge Orthopedic Clinic,Scheduled,01/18/2025,01/18/2025,Clinic Visit,AC1007252,Martinez,Samuel M,07/27/1961,M,52470,(563) 555-0165,1775003142,"Hall, Laura",Z00.00,follow-up visit,MEDICAID,403.21,In Process,2025-01-24T10:00:00-06:00
ATHENA_CLINICS,138734,Summit Ridge Orthopedics,Scheduled,2025-01-17,2025-01-17,Clinic Visit,AC1000399,White,Priya,11/20/1964,F,52097,(319) 555-0167,1739241960.0,LOCUM PROVIDER,z00.00,follow-up visit,Medicaid,$ 514.21,Pending,2025-01-26T20:00:00-06:00
ATHENA_CLINICS,130754,Cedar Valley Family Clinic,Scheduled,2025-01-05,2025-01-05,Clinic Visit,AC1006555,Becker,Noah,1932-01-24,M,53775,(414) 555-0171,1844093249,"Lewis, Michael",Z00.00,follow-up visit,Medicare - Part B,$681.82  ,Submitted,2025-01-25T19:00:00-06:00
ATHENA_CLINICS,133171,Eastgate Urgent Care,Referral,01/11/2025,"January 11, 2025",Outpatient,AC1005642,JACKSON,RAJESH,01/19/1967,M,53709,(608) 555-0119,1652373550,"Jensen, Nancy",z00.00,follow-up visit,Tricare,489.34,Pending,2025-01-25T20:00:00-06:00
ATHENA_CLINICS,108266,Eastgate Urgent Care,Scheduled,"January 15, 2025",01/15/2025,OP,AC1001332,O'Brien,Matthew,03/24/1978,M,54332,(262) 555-0101,1215711643,Dr. Brian Garcia-Lopez,Z00.00,follow-up visit,CIGNA HEALTH,$797.37,SUBMITTED,2025-01-25T14:00:00-06:00
ATHENA_CLINICS,119799,Summit Ridge Ortho,Referral,01/13/2025,"January 13, 2025",Out Patient,AC1004784,Thompson,Jessica,1993-11-13,F,52032,(319) 555-0159,1849518380,"Wright, Mary",Z00.00,follow-up visit,BCBS,$879.62,SUBMITTED,2025-01-25T23:00:00-06:00
ATHENA_CLINICS,118753,Summit Ridge Orthopedics,Scheduled,01-01-25,"January 1, 2025",OP,AC1007407,Lee,Joshua,10/15/2003,M,53239,(608) 555-0154,1849518380,"Wright, Mary",z00.00,follow-up visit,Aetna,231.51 USD,Submitted,2025-01-24T11:00:00-06:00
ATHENA_CLINICS,120888,East Gate Urgent Care,Referral,2025-01-12,2025-01-12,Outpatient,AC1005591,Miller,Matthew,12/08/1964,M,52478,(563) 555-0132,1652373550,"Jensen, Nancy",Z00.00,follow-up visit,UnitedHealthcare,$870.91,SUBMITTED,2025-01-22T22:00:00-06:00
ATHENA_CLINICS,136223,East Gate Urgent Care,Walk-in,01/04/2025,01/04/2025,OP,AC1005259,Patel,Ana,1976-05-15,F,53181,(262) 555-0137,1215711643,Dr. Brian Garcia-Lopez,Z00.00,follow-up visit,MEDICAID,588.70,Submitted,2025-01-23T12:00:00-06:00
ATHENA_CLINICS,121096,Summit Ridge Orthopedic Clinic,Transfer,2025-01-09,01-09-25,Clinic Visit,AC1002880,Davis,Omar,04/03/2001,M,52073,(319) 555-0182,1739241960,,Z00.00,follow-up visit,Cigna,604.08,Submitted,2025-01-24T03:00:00-06:00
ATHENA_CLINICS,125388,Eastgate Urgent Care Center,Referral,01/12/2025,2025-01-12,OP,AC1001547,Lewis,Patricia,1978-11-19,F,53112,(262) 555-0116,1652373550,Dr. Nancy Jensen,Z00.00 - Encounter for general adult medical examination without abnormal findings,follow-up visit,UnitedHealthcare,$615.42,Submitted,2025-01-23T16:00:00-06:00
ATHENA_CLINICS,131294,East Gate Urgent Care,Walk-in,01/07/2025,01/07/2025,Office Visit,AC1004003,Hernandez,Joseph,11/18/1983,M,53288,(920) 555-0192,1652373550,Dr. Nancy Jensen,Z00.00,follow-up visit,Aetna,678.81 USD,Pending,2025-01-24T21:00:00-06:00
ATHENA_CLINICS,129513,Cedar Valley Family Clinic,Walk-in,01/09/2025,2025-01-09,OP,AC1004287,Jackson,Michael,03/04/1964,M,54309,(608) 555-0109,1443256882,"Garcia, Michael",Z00.00,follow-up visit,UHC,$735.05,In Process,2025-01-26T02:00:00-06:00
ATHENA_CLINICS,130951,Cedar Vly Family Clinic,Referral,2025-01-11,01/11/2025,Clinic Visit,AC1001626,Anderson,Hannah,1978-05-13,F,53734,(920) 555-0180,1443256882,"Garcia, Michael",Z00.00 - Encounter for general adult medical examination without abnormal findings,follow-up visit,BCBS,361.71,Pending,2025-01-23T13:00:00-06:00
ATHENA_CLINICS,107294,Summit Ridge Ortho,Referral,01/13/2025,01/13/2025,Outpatient,AC1003198,Nelson,Elizabeth K,"December 20, 1945",F,53706,(414) 555-0102,1739241960,LOCUM PROVIDER,Z00.00,follow-up visit,Medicare,USD 841.88,Submitted,2025-01-23T17:00:00-06:00
ATHENA_CLINICS,132361,Cedar Valley Clinic,Transfer,01/10/2025,01/10/2025,Out Patient,AC1001513,Novak,Linda,09/06/1960,F,53124,(414) 555-0176,1443256882,Dr. Michael Garcia,z00.00,follow-up visit,UnitedHealthcare,875.08,Pending,2025-01-26T02:00:00-06:00
ATHENA_CLINICS,134297,Summit Ridge Orthopedics,Walk-in,01/15/2025,2025-01-15,Office Visit,AC1005366,Lee,Ashley,04/22/1950,F,52420,(563) 555-0163,1062048420,"White, Paul",Z00.00,follow-up visit,Medicare - Part B,807.10,Submitted,2025-01-25T11:00:00-06:00
ATHENA_CLINICS,104292,Summit Ridge Ortho,Transfer,01/11/2025,01/11/2025,Clinic Visit,AC1007306,Davis,Sandra,1984-12-14,F,53773,(920) 555-0146,1472855687,Dr. Joseph Schmidt,z00.00,follow-up visit,UnitedHealthcare,$430.13  ,SUBMITTED,2025-01-26T00:00:00-06:00
